Name,Profit,Buy Price,Sell Price,Demand,Supply,Margin,Level,Rarity,Item Type
Chainmail Footgear,372,51,500,375,97,729.41176470588,80,1,0
Chainmail Armor,132.65,60,229,559,167,221.08333333333,80,1,0
Chainmail Gauntlets,207.8,35,288,439,138,593.71428571429,80,1,0
Chainmail Helm,839.5,51,1050,839,72,1646.0784313725,80,1,0
Chainmail Chausses,355.95,56,487,643,53,635.625,80,1,0
Chainmail Shoulders,369.2,47,492,398,20,785.53191489362,80,1,0
Acolyte's Coat,413.15,94,599,1130,155,439.52127659574,80,1,0
Apprentice Gloves,258.4,100,424,1936,758,258.4,80,1,0
Acolyte's Band,499.75,55,655,1224,51,908.63636363636,80,1,0
Acolyte's Pants,315.5,150,550,555,22,210.33333333333,80,1,0
Acolyte's Shoulders,338.3,83,498,1018,65,407.59036144578,80,1,0
Rawhide Vest,291.8,53,408,586,136,550.56603773585,80,1,0
Rawhide Mask,723.5,48,910,1199,42,1507.2916666667,80,1,0
Rawhide Leggings,330.5,50,450,609,25,661,80,1,0
Grawl Snowman Potion,456.6,337,936,518,422,135.48961424332,0,3,3
Loot Bag,175.3,161,398,19085,1880,108.88198757764,0,1,4
Medium Loot Bag,446.15,316,899,6446,271,141.18670886076,0,1,4
Fall Adventure Pouch,812.5,214,1210,1555,350,379.67289719626,0,1,4
Box of Simple Mighty Chain Armor,3471.5,224,4350,124,66,1549.7767857143,0,2,4
Box of Malign Chain Armor,5763,100,6900,291,24,5763,0,2,4
Box of Mighty Chain Armor,7463.6,1014,9976,147,25,736.05522682446,0,2,4
Box of Healing Chain Armor,8249.1,220,9966,71,7,3749.5909090909,0,2,4
Box of Precise Chain Armor,8211.15,201,9899,116,8,4085.1492537313,0,2,4
Box of Malign Chain Armor,14383.75,145,17095,67,15,9919.8275862069,0,3,4
Box of Healing Chain Armor,14376.05,1001,18093,68,10,1436.1688311688,0,3,4
Box of Mighty Chain Armor,10566.15,1246,13899,311,17,848.00561797753,0,3,4
Box of Resilient Chain Armor,10955.45,4000,17597,74,7,273.88625,0,3,4
Box of Ravaging Scale Armor,31982.7,2000,39982,82,13,1599.135,0,2,4
Box of Honed Scale Armor,25676.3,2030,32598,345,19,1264.842364532,0,2,4
Box of Strong Chain Armor,28773,6500,41500,127,6,442.66153846154,0,2,4
Box of Hearty Scale Armor,15218,6030,25000,306,7,252.37147595357,0,2,4
Box of Strong Scale Armor,45243,1505,55000,93,6,3006.1794019934,0,3,4
Box of Ravaging Gladiator Armor,22645.3,10501,38998,75,6,215.64898581088,0,4,4
Box of Cleric's Barbaric Armor,26385,1663,33000,156,6,1586.590499098,0,2,4
Box of Berserker's Barbaric Armor,38216.6,4278,49996,326,7,893.32865825152,0,3,4
Box of Valkyrie Barbaric Armor,30517.15,930,36999,81,6,3281.4139784946,0,3,4
Box of Knight's Gladiator Armor,59575.5,5099,76090,69,11,1168.3761521867,0,4,4
Box of Cleric's Draconic Armor,196468.25,60659,302505,75,6,323.88969485155,0,5,4
Satchel of Mighty Seeker Armor,9909.15,475,12219,73,16,2086.1368421053,0,2,4
Satchel of Vital Seeker Armor,6667.3,44,7898,89,24,15152.954545455,0,2,4
Satchel of Precise Seeker Armor,7140.5,550,9050,70,21,1298.2727272727,0,2,4
Satchel of Resilient Seeker Armor,7108.65,105,8489,75,10,6770.1428571429,0,2,4
Satchel of Malign Seeker Armor,12425.15,322,14999,118,14,3858.7422360248,0,3,4
Satchel of Mighty Seeker Armor,8502.25,102,10125,76,50,8335.5392156863,0,3,4
Satchel of Ravaging Outlaw Armor,17557.9,3600,24894,86,10,487.71944444444,0,2,4
Satchel of Vigorous Outlaw Armor,3188.65,2002,6109,344,11,159.27322677323,0,2,4
Satchel of Ravaging Leather Armor,33212,701,39900,79,7,4737.8031383738,0,3,4
Satchel of Rejuvenating Noble Armor,42408.25,8509,59905,110,9,498.39287812904,0,4,4
Satchel of Strong Leather Armor,39158.2,3333,49992,132,17,1174.8634863486,0,3,4
Satchel of Rampager's Rascal Armor,43832.45,805,52517,95,9,5445.0248447205,0,2,4
Satchel of Knight's Emblazoned Armor,113026.1,110204,262626,85,8,102.56079634133,0,5,4
Satchel of Rampager's Prowler Armor,33036.15,111,38999,152,6,29762.297297297,0,3,4
Satchel of Mighty Embroidered Armor,16590.6,404,19996,124,23,4106.5841584158,0,2,4
Satchel of Malign Embroidered Armor,11031.3,100,13098,73,8,11031.3,0,2,4
Satchel of Mighty Embroidered Armor,7512.3,219,9098,67,23,3430.2739726027,0,2,4
Satchel of Vital Embroidered Armor,6593.45,202,7997,118,6,3264.0841584158,0,2,4
Satchel of Precise Embroidered Armor,6680.25,105,7985,114,9,6362.1428571429,0,2,4
Satchel of Resilient Embroidered Armor,6961.65,303,8549,126,7,2297.5742574257,0,2,4
Satchel of Malign Embroidered Armor,13297,2001,18000,129,17,664.51774112944,0,3,4
Satchel of Mighty Embroidered Armor,25734,2501,33220,92,18,1028.9484206317,0,3,4
Satchel of Vital Embroidered Armor,2531.95,2079,5427,141,17,121.78691678692,0,3,4
Satchel of Honed Student Armor,25433.75,60,29995,138,7,42389.583333333,0,2,4
Satchel of Strong Student Armor,50836.3,1044,61038,76,6,4869.377394636,0,2,4
Satchel of Vigorous Acolyte Armor,16523.9,3155,23154,253,8,523.73692551506,0,3,4
Satchel of Vigorous Masquerade Armor,64374.9,3533,79894,140,7,1822.1030285876,0,4,4
Satchel of Rampager's Feathered Armor,15950.25,1120,20085,118,21,1424.1294642857,0,2,4
Satchel of Carrion Exalted Armor,158945,100303,305000,81,6,158.46485149996,0,5,4
Satchel of Knight's Exalted Armor,256145.3,20101,324998,145,6,1274.2913287896,0,5,4
Satchel of Berserker's Feathered Armor,22995,2503,30000,81,17,918.69756292449,0,3,4
Satchel of Berserker's Masquerade Armor,56996,11002,80000,308,6,518.05126340665,0,4,4
Medium Supply Bag,390.8,362,888,2465,464,107.95580110497,0,1,4
Large Supply Bag,4517.7,1007,6502,3412,46,448.62959285005,0,1,4
Bag of Swiped Goods,15247,901,19000,4782,87,1692.230854606,0,1,4
Large Stolen Supplies Bag,174.4,150,384,2055,605,116.26666666667,0,1,4
Light Bag of Trinkets,137.4,102,284,5498,358,134.70588235294,0,1,4
Sack of Supplies,928.2,202,1332,1653,247,459.50495049505,0,1,4
Medium Bag of Supplies,432,416,1000,5631,164,103.84615384615,0,1,4
Thorned Bag,207.55,133,403,5909,117,156.05263157895,0,1,4
Large Thorned Bag,7960.15,537,9999,3564,39,1482.3370577281,0,1,4
Small Bag of Booty,131.35,114,291,9989,263,115.21929824561,0,1,4
Medium Bag of Skritt Shinies,466.95,404,1027,2539,163,115.58168316832,0,1,4
Light Icy Bag,446.2,123,672,1265,194,362.76422764228,0,1,4
Icy Sack,633.05,243,1033,1887,100,260.51440329218,0,1,4
Moldy Bag,1130,1061,2580,3062,9,106.50329877474,0,1,4
Small Treat Bag,119.6,96,256,1440,597,124.58333333333,0,1,4
10 Slot Invisible Leather Pack,985.15,916,2239,2091,111,107.54912663755,0,2,2
Recipe: Tray of Strawberry Pies,40917.1,10528,60526,242,13,388.65026595745,25,2,3
Recipe: Tray of Chocolate Cherries,163776,6222,200000,374,6,2632.2082931533,40,2,3
Recipe: Tray of Blackberry Pies,82596.3,2400,99998,166,9,3441.5125,55,2,3
Recipe: Tray of Peach Tarts,132114,20034,179000,85,6,659.44893680743,75,2,3
Recipe: Tray of Banana Bread,75729.65,10126,101009,214,13,747.87329646455,25,2,3
Recipe: Tray of Garlic Bread,39361.3,10020,58098,261,21,392.82734530938,25,2,3
Recipe: Pot of Orrian Truffle and Meat Stew,119964,50034,200000,73,6,239.76495982732,80,2,3
Recipe: Corrupted Skeggox,611.4,104,844,745,55,587.88461538462,80,3,3
Recipe: Corrupted Artifact,561,202,900,190,81,277.72277227723,80,3,3
Recipe: Corrupted Avenger,788.2,223,1192,319,220,353.45291479821,80,3,3
Recipe: Corrupted Sledgehammer,694.3,152,998,240,51,456.77631578947,80,3,3
Recipe: Corrupted Harpoon Gun,520.1,129,766,423,107,403.17829457364,80,3,3
Recipe: Corrupted Cudgel,822.75,106,1095,498,131,776.17924528302,80,3,3
Recipe: Corrupted Revolver,563.25,153,845,444,73,368.13725490196,80,3,3
Recipe: Corrupted Scepter,696.9,197,1054,714,108,353.75634517766,80,3,3
Recipe: Corrupted Bulwark,614.55,236,1003,361,173,260.40254237288,80,3,3
Recipe: Corrupted Shortbow,721.2,103,972,586,204,700.19417475728,80,3,3
Recipe: Corrupted Spear,636,144,920,290,97,441.66666666667,80,3,3
Recipe: Corrupted Blade,1195.65,119,1549,271,75,1004.7478991597,80,3,3
Recipe: Corrupted Wartorch,545.8,122,788,311,103,447.37704918033,80,3,3
Recipe: Corrupted Trident,611.5,177,930,434,99,345.4802259887,80,3,3
Recipe: Corrupted Harbinger,975.15,127,1299,321,45,767.83464566929,80,3,3
Recipe: Satchel of Valkyrie Exalted Armor (Exotic),150908.15,50114,236499,99,11,301.12972422876,0,5,3
Recipe: Satchel of Berserker's Exalted Armor (Exotic),84494,60004,170000,110,11,140.81394573695,0,5,3
Recipe: Satchel of Rampager's Exalted Armor (Exotic),130773.1,47713,209986,102,9,274.08274474462,0,5,3
Recipe: Satchel of Knight's Exalted Armor (Exotic),160391,52107,250000,80,8,307.81085074942,0,5,3
Recipe: Satchel of Berserker's Masquerade Armor (Rare),74844.85,11004,101001,142,13,680.16039621956,0,4,3
Recipe: Box of Simple Mighty Chain Armor,44169,3004,55500,132,6,1470.3395472703,0,1,3
Recipe: Box of Malign Chain Armor (Master),45891.9,5101,59994,162,8,899.66477161341,0,3,3
Recipe: Box of Mighty Chain Armor (Master),39017,5606,52500,444,13,695.98644309668,0,3,3
Recipe: Box of Assassin's Gladiator Armor (Rare),311397.9,20078,389974,83,6,1550.94083076,0,4,3
Recipe: Box of Assassin's Draconic Armor (Exotic),82380,40001,143980,68,13,205.94485137872,0,5,3
Recipe: Box of Rampager's Draconic Armor (Exotic),88849.35,30107,139951,75,15,295.1119341017,0,5,3
Recipe: Satchel of Cleric's Emblazoned Armor (Exotic),112995.15,40002,179999,63,6,282.47375131243,0,5,3
Recipe: Satchel of Assassin's Emblazoned Armor (Exotic),122570.75,33313,183395,112,6,367.93669138174,0,5,3
Recipe: Satchel of Rampager's Emblazoned Armor (Exotic),135125.35,10623,171471,109,20,1272.007436694,0,5,3
Recipe: Satchel of Assassin's Noble Armor (Rare),256481.3,7015,309998,85,7,3656.1838916607,0,4,3
Recipe: Satchel of Berserker's Noble Armor (Rare),64007.45,10601,87777,94,7,603.78690689558,0,4,3
Recipe: Satchel of Knight's Noble Armor (Rare),229990.15,25007,299999,60,6,919.70308313672,0,4,3
Recipe: Extended Potion of Outlaw Slaying,15182,10316,30000,70,29,147.16944552152,0,5,3
Recipe: Extended Potion of Undead Slaying,79967.3,5029,99998,67,8,1590.1232849473,0,5,3
Recipe: Extended Potion of Sons of Svanir Slaying,22088.15,3409,29999,69,14,647.9363449692,0,5,3
Carrion Barbaric Pauldrons,151.8,108,308,481,57,140.55555555556,80,3,0
Berserker's Barbaric Pauldrons,264.25,129,465,376,225,204.84496124031,80,3,0
Carrion Barbaric Legplates,302,121,500,134,117,249.5867768595,80,3,0
Knight's Barbaric Legplates,225.85,181,481,388,102,124.77900552486,80,3,0
Valkyrie Barbaric Legplates,239.25,120,425,381,149,199.375,80,3,0
Cleric's Barbaric Legplates,287.15,118,479,289,146,243.34745762712,80,3,0
Rampager's Barbaric Legplates,233.65,129,429,765,245,181.12403100775,80,3,0
Knight's Barbaric Gloves,151.4,122,324,168,85,124.09836065574,80,3,0
Valkyrie Barbaric Gloves,321.95,107,507,634,20,300.88785046729,80,3,0
Cleric's Barbaric Gloves,259.65,120,449,575,92,216.375,80,3,0
Berserker's Barbaric Gloves,316.25,111,505,289,241,284.90990990991,80,3,0
Rampager's Barbaric Gloves,744.6,100,996,197,35,744.6,80,3,0
Knight's Barbaric Coat,191.05,124,373,733,212,154.07258064516,80,3,0
Valkyrie Barbaric Coat,156.35,106,311,556,149,147.5,80,3,0
Cleric's Barbaric Coat,266.65,113,449,396,84,235.97345132743,80,3,0
Rampager's Barbaric Coat,141.5,120,310,317,228,117.91666666667,80,3,0
Valkyrie Barbaric Helm,152.15,100,299,129,37,152.15,80,3,0
Rampager's Barbaric Helm,141.5,103,290,247,157,137.3786407767,80,3,0
Carrion Feathered Pants,356.5,347,830,447,139,102.73775216138,80,3,0
Berserker's Feathered Pants,343,250,700,1333,85,137.2,80,3,0
Valkyrie Feathered Vestments,310.5,257,670,880,127,120.81712062257,80,3,0
Cleric's Feathered Mantle,417.3,259,798,1235,14,161.11969111969,80,3,0
Rampager's Prowler Pants,148.3,120,318,164,50,123.58333333333,80,3,0
Valkyrie Prowler Coat,149.6,100,296,80,70,149.6,80,3,0
Rampager's Prowler Coat,217.15,120,399,453,107,180.95833333333,80,3,0
Valkyrie Prowler Gloves,544.15,150,819,159,112,362.76666666667,80,3,0
Cleric's Prowler Gloves,1258,100,1600,1446,66,1258,80,3,0
Valkyrie Prowler Boots,745.3,101,998,566,193,737.92079207921,80,3,0
Cleric's Prowler Boots,109.65,100,249,308,178,109.65,80,3,0
Rampager's Prowler Boots,286.15,102,459,1285,99,280.53921568627,80,3,0
Bowl of Watery Mushroom Soup,437.25,58,585,5438,447,753.87931034483,10,1,3
Bowl of Front Line Stew,412.65,86,589,2093,325,479.82558139535,20,1,3
Bowl of Gelatinous Ooze Custard,240.15,114,419,3907,385,210.65789473684,5,1,3
Loaf of Walnut Sticky Bread,271.65,108,449,2727,615,251.52777777778,17,1,3
Tray of Chocolate Bananas,972.25,305,1505,2390,414,318.77049180328,25,3,3
Tray of Banana Cream Pies,927.5,82,1190,689,112,1131.0975609756,25,3,3
Giant Chocolate Cake,257.5,208,550,457,419,123.79807692308,25,3,3
Tray of Chocolate Cherries,370,53,500,2042,660,698.11320754717,40,3,3
Tray of Chocolate Chip Cookies,151.15,101,299,3236,1739,149.65346534653,40,3,3
Tray of Cherry Almond Bars,625,53,800,1217,220,1179.2452830189,40,3,3
Tray of Cherry Tarts,332.15,90,499,650,409,369.05555555556,40,3,3
Giant Chocolate Cherry Cake,535.15,57,699,1256,434,938.85964912281,40,3,3
Tray of Ginger Pear Tarts,3093,305,4000,834,82,1014.0983606557,55,3,3
Tray of Orange Coconut Bars,1684.5,396,2450,1007,61,425.37878787879,55,3,3
Tray of Chocolate Raspberry Creams,852.75,127,1155,1041,197,671.45669291339,75,3,3
Tray of Raspberry Peach Compote,533.3,313,998,888,91,170.38338658147,75,3,3
Giant Chocolate Raspberry Cake,1280.8,203,1748,391,69,630.93596059113,75,3,3
Tray of Mixed Berry Pies,713.15,559,1499,1959,515,127.57602862254,75,3,3
Giant Chocolate Omnomberry Cake,4230.65,3884,9549,881,474,108.92507723996,80,3,3
Tray of Chocolate Omnomberry Creams,5045.45,2515,8897,1030,121,200.61431411531,80,3,3
Tray of Omnomberry Tarts,3483.8,2794,7388,945,91,124.68861846815,80,3,3
Feast of Pepper Steaks,9227,2501,13800,599,17,368.93242702919,25,3,3
Feast of Spinach Burgers,199.8,26,268,1840,310,768.46153846154,25,3,3
Feast of Veggie Burgers,151.5,93,290,11401,823,162.90322580645,25,3,3
Feast of Pepper Steak Dinners,3757.15,490,4999,649,29,766.76530612245,25,3,3
Feast of Sage Stuffed Poultrys,745.65,93,989,481,145,801.77419354839,25,3,3
Feast of Veggie Pizzas,210.5,153,430,1550,919,137.58169934641,25,3,3
Feast of Stuffed Zucchinis,288,118,480,1492,1258,244.06779661017,40,3,3
Feast of Mushroom Pizzas,2254,124,2800,1529,133,1817.7419354839,40,3,3
Feast of Rosemary Roasted Meat,2878.25,507,3985,5998,64,567.70216962525,40,3,3
Feast of Cabbage Stirfry,218.95,108,387,395,236,202.73148148148,40,3,3
Feast of Dill Meatball Dinners,327.25,49,445,2598,456,667.85714285714,40,3,3
Feast of Sesame Roasted Dinners,406.3,32,518,1324,39,1269.6875,40,3,3
Feast of Sesame Roasted Meat,3076.55,103,3743,466,194,2986.9417475728,40,3,3
Feast of Fancy Veggie Pizzas,2428.7,104,2982,463,184,2335.2884615385,60,3,3
Feast of Citrus Poultry with Almonds,304,34,400,753,28,894.11764705882,60,3,3
Feast of Steak and Asparagus,948.15,205,1359,1445,484,462.51219512195,75,3,3
Feast of Spicy Cheeseburgers,1358.85,102,1721,750,177,1332.2058823529,75,3,3
Feast of Super Veggie Pizzas,3227.5,502,4390,1084,125,642.92828685259,75,3,3
Pot of Mushroom and Asparagus Risotto,3545,703,5000,1125,9,504.26742532006,75,3,3
Feast of Roast Meat with Braised Leeks,3095,1068,4900,983,74,289.79400749064,75,3,3
Feast of Fancy Truffle Burgers,6606,617,8500,498,67,1070.6645056726,80,3,3
Feast of Fire Flank Steak,2151.15,1501,4299,1033,97,143.31445702865,80,3,3
Feast of Lotus Stirfry,5984,1851,9220,1259,107,323.28471096704,80,3,3
Pot of Truffle Risotto,5992,2506,10000,626,22,239.1061452514,80,3,3
Tray of Banana Bread,2445,103,3000,1777,238,2373.786407767,25,3,3
Feast of Bean Salad,1497.05,110,1893,651,272,1360.9545454545,25,3,3
Tray of Garlic Bread,1888.65,106,2349,1249,237,1781.7452830189,25,3,3
Feast of Sage Stuffed Mushrooms,303,52,420,6033,469,582.69230769231,25,3,3
Feast of Ascalonian Salad,367.3,54,498,1701,257,680.18518518519,25,3,3
Tray of Lemon Bars,155.65,71,269,2928,1063,219.22535211268,25,3,3
Feast of Grilled Portobello Mushrooms,280.25,28,365,943,493,1000.8928571429,40,3,3
Tray of Rosemary Bread,806,42,1000,3719,297,1919.0476190476,40,3,3
Tray of Zucchini Bread,159.25,64,265,3087,2349,248.828125,40,3,3
Feast of Coleslaw,301.15,36,399,1437,497,836.52777777778,40,3,3
Feast of Cabbage and Chickpea Salad,476.15,201,799,1691,601,236.89054726368,55,3,3
Feast of Chickpea Fritters,1828.15,107,2279,724,357,1708.5514018692,55,3,3
Feast of Hummus,4011.25,20,4745,573,165,20056.25,55,3,3
Feast of Roasted Parsnips,262.75,105,435,1823,999,250.2380952381,75,3,3
Feast of Spicy Stuffed Mushrooms,747.15,100,999,781,33,747.15,75,3,3
Feast of Asparagus and Sage Salad,507.25,73,685,2423,321,694.86301369863,75,3,3
Feast of Ghost Pepper Poppers,2179,250,2860,1639,242,871.6,80,3,3
Feast of Lotus Fries,2514.5,926,4050,1736,236,271.54427645788,80,3,3
Feast of Roasted Lotus Root,3070.75,1088,4895,1489,326,282.23805147059,80,3,3
Feast of Seaweed Salad,6791,1622,9900,1898,53,418.68064118372,80,3,3
Feast of Truffle Sautee,3602,221,4500,1589,207,1629.8642533937,80,3,3
Pot of Clam Chowder,1566.35,107,1971,754,486,1463.8785046729,25,3,3
Pot of Hearty Red Meat Stew,1301.75,52,1595,1732,272,2503.3653846154,25,3,3
Pot of Savory Spinach and Poultry Soup,1494.15,203,1999,644,196,736.03448275862,25,3,3
Pot of Kale Soup,2329,1069,4000,421,124,217.8671655753,40,3,3
Pot of Yam Soup,1642,906,3000,564,43,181.23620309051,40,3,3
Pot of Kale and Poultry Soup,3651.65,247,4589,897,10,1478.4008097166,40,3,3
Pot of Meat and Cabbage Stew,387.3,204,698,1510,147,189.85294117647,40,3,3
Pot of Chickpea and Poultry Soup,2004.5,76,2450,603,10,2637.5,60,3,3
Pot of Fancy Creamy Mushroom Soup,765,508,1500,1103,198,150.5905511811,60,3,3
Pot of Spiced Meat and Cabbage Stew,3178.15,1001,4919,572,78,317.4975024975,60,3,3
Pot of Potato and Leek Soup,2864.35,509,3971,1691,142,562.74066797642,75,3,3
Pot of Butternut Squash Soup,5486,3012,10000,584,81,182.13811420983,75,3,3
Pot of Spicy Veggie Chili,2270.05,153,2853,498,78,1483.6928104575,75,3,3
Pot of Fancy Potato and Leek Soup,2715.95,1521,4987,1233,40,178.56344510191,80,3,3
Pot of Fire Meat Chili,2823,1000,4500,617,9,282.3,80,3,3
Pot of Fire Veggie Chili,3845.45,2117,7017,738,184,181.64619744922,80,3,3
Pot of Saffron-scented Poultry Soup,6152,221,7500,466,58,2783.7104072398,80,3,3
Unidentified Blue Dye,1008.15,621,1919,777,512,162.34299516908,0,3,4
Unidentified Yellow Dye,756.9,579,1574,524,226,130.72538860104,0,3,4
Unidentified Purple Dye,990.6,619,1896,1053,131,160.03231017771,0,2,4
Unidentified Red Dye,1771.05,1689,4073,277,90,104.85790408526,0,2,4
Bronze Sword Hilt,237.85,237,561,1689,295,100.35864978903,0,1,5
Mithril Hammer Head,182.3,137,378,1623,450,133.06569343066,0,1,5
Steel Sword Blade,1092.95,815,2247,989,263,134.10429447853,0,1,5
Iron Mace Head,904.65,784,1989,1650,270,115.38903061224,0,1,5
Iron Shield Boss,807.95,267,1267,2429,948,302.60299625468,0,1,5
Iron Rifle Barrel,1890,658,3000,2375,159,287.23404255319,0,1,5
Mithril Rifle Barrel,188.65,140,389,1704,555,134.75,0,1,5
Steel Rifle Barrel,1689.45,1111,3297,1485,124,152.06570657066,0,1,5
Mithril Pistol Barrel,117.9,113,274,1480,744,104.33628318584,0,1,5
Iron Warhorn Mouthpiece,199.8,162,428,2965,2017,123.33333333333,0,1,5
Steel Horn,603.45,480,1277,2721,505,125.71875,0,1,5
Green Longbow Stave,455.1,41,586,4507,1854,1110,0,1,5
Seasoned Longbow Stave,553.6,342,1056,989,661,161.87134502924,0,1,5
Green Short-Bow Stave,229.05,188,493,3027,1098,121.83510638298,0,1,5
Soft Short-Bow Stave,894.45,835,2037,1045,442,107.11976047904,0,1,5
Seasoned Short-Bow Stave,425.65,328,889,2893,729,129.77134146341,0,1,5
Elder Pistol Frame,142.3,126,318,2374,768,112.93650793651,0,1,5
Green Focus Casing,201.5,77,330,5133,1372,261.68831168831,0,1,5
Hard Focus Casing,127,75,240,1880,1242,169.33333333333,0,1,5
Iron Spear Head,793.2,541,1572,1122,264,146.61737523105,0,1,5
Darksteel Trident Head,124.5,120,290,4005,1845,103.75,0,1,5
Wool Gloves Panel,401.6,273,796,2660,495,147.10622710623,0,1,5
Wool Footwear Upper,930.55,566,1763,2597,361,164.40812720848,0,1,5
Wool Epaulet Padding,485.85,482,1141,1788,446,100.79875518672,0,1,5
Cotton Shoe Sole,162.45,88,297,3168,307,184.60227272727,0,1,5
Cotton Helm Strap,589.65,555,1349,1457,291,106.24324324324,0,1,5
Coarse Boot Upper,562.75,502,1255,1823,403,112.1015936255,0,1,5
Coarse Shoulderguard Padding,540.4,430,1144,2563,697,125.67441860465,0,1,5
Thin Jerkin Padding,232,208,520,1709,1486,111.53846153846,0,1,5
Thin Glove Lining,513.5,326,990,2177,432,157.51533742331,0,1,5
Iron Scale Armguard Lining,276.6,262,636,3124,546,105.57251908397,0,1,5
Iron Pauldron Lining,231.1,231,546,5043,838,100.04329004329,0,1,5
Steel Splint Chestplate Panel,2083.4,1607,4344,1916,253,129.6453018046,0,1,5
Steel Splint Gauntlet Lining,296.5,271,670,1825,133,109.40959409594,0,1,5
Steel Splint Helmet Casing,265.5,149,490,7570,2827,178.18791946309,0,1,5
Darksteel Boot Lining,796.4,514,1544,2863,558,154.94163424125,0,1,5
Darksteel Chestplate Panel,1182.6,1107,2696,1365,279,106.82926829268,0,1,5
Darksteel Legging Lining,869.65,819,1989,2112,547,106.18437118437,0,1,5
Mithril Helmet Lining,621.5,473,1290,2281,279,131.39534883721,0,1,5
Orichalcum Legging Panel,2629.5,1321,4650,887,399,199.05374716124,0,1,5
Linen Shoe Sole,154.8,88,288,5437,324,175.90909090909,0,1,5
Silk Helm Strap,865.25,395,1485,2637,179,219.05063291139,0,1,5
Rugged Shoulderguard Panel,839.5,765,1890,2255,545,109.7385620915,0,1,5
Rugged Longcoat Padding,1432,402,2160,1461,230,356.21890547264,0,1,5
Rugged Glove Panel,1292.3,574,2198,1952,134,225.1393728223,0,1,5
Thick Longcoat Padding,438.45,237,797,2928,602,185,0,1,5
Thick Glove Lining,511.5,498,1190,1920,459,102.71084337349,0,1,5
Thick Trouser Padding,995.85,703,2001,2457,357,141.65718349929,0,1,5
Green Staff Head,143.5,67,250,6754,3261,214.17910447761,0,1,5
Ruby Mithril Amulet of the Berserker,947,411,1600,439,140,230.41362530414,80,3,15
Cleric's Krait Short Bow,9026.4,2807,13924,75,27,321.56750979694,80,4,18
Valkyrie Elder Torch,148.6,135,336,228,146,110.07407407407,80,3,18
Valkyrie Mithril Pistol,218.85,1,261,100,49,21885,80,3,18
Carrion Mithril Rifle,167,1,200,100,65,16700,80,3,18
Cleric's Pearl Carver,10652.15,10425,24799,142,32,102.17889688249,80,5,18
Berserker's Mithril Sword,294.5,137,510,287,86,214.96350364964,80,3,18
Rampager's Elder Inscription,381.95,285,787,5644,1507,134.01754385965,75,2,5
Hearty Embroidered Cotton Insignia,598.1,306,1066,1866,587,195.45751633987,0,3,5
Vigorous Embroidered Cotton Insignia,419.35,319,871,1515,541,131.45768025078,0,3,5
Valkyrie Hard Inscription,596.25,392,1165,3695,1208,152.10459183673,55,2,5
Cleric's Darksteel Plated Inscription,5346,4002,11000,652,6,133.5832083958,65,3,5
Rejuvenating Steel Plated Inscription,5159.95,1202,7487,2623,91,429.28036605657,50,3,5
Ravaging Iron Imbued Inscription,5788.2,1530,8612,376,43,378.3137254902,35,4,5
Ravaging Intricate Wool Insignia,1455.5,1169,3090,414,70,124.50812660393,35,4,5
Honed Intricate Wool Insignia,1382.7,1337,3202,474,121,103.41810022438,35,4,5
Vigorous Intricate Wool Insignia,1981.15,1756,4399,647,78,112.82175398633,35,4,5
Rejuvenating Intricate Cotton Insignia,5215,1583,8000,438,17,329.43777637397,50,4,5
Hunter's Intricate Cotton Insignia,2736.35,1436,4911,556,61,190.55362116992,50,4,5
Strong Intricate Cotton Insignia,2665.35,1167,4511,529,48,228.39331619537,50,4,5
Cashmere Dye,732.3,709,1698,566,129,103.28631875882,0,3,3
Dusty Grape Dye,713.3,643,1598,606,104,110.93312597201,0,3,3
Honey Dye,1625.55,959,3043,527,47,169.5046923879,0,3,3
Cream Shade Dye,1601.85,726,2741,374,42,220.64049586777,0,3,3
Tungsten Dye,1530.25,988,2965,703,110,154.88360323887,0,3,3
Midnight Fuchsia Dye,783.55,662,1703,447,115,118.36102719033,0,3,3
Dark Chocolate Dye,800.8,785,1868,791,114,102.0127388535,0,3,3
Purple Dye,856.95,779,1927,426,113,110.00641848524,0,3,3
Filthy Pelt,600.6,584,1396,3013,59,102.84246575342,0,1,16
Burning Ember,979.15,259,1459,1832,104,378.05019305019,0,3,16
Minor Sigil of Luck,148.45,136,337,1104,958,109.15441176471,0,3,17
Embellished Intricate Amethyst Jewel,893,295,1400,926,454,302.71186440678,20,4,17
Embellished Intricate Lapis Jewel,982.9,506,1754,1421,398,194.24901185771,20,4,17
Embellished Gilded Sunstone Jewel,599.45,246,997,1370,1284,243.67886178862,35,4,17
Embellished Brilliant Sapphire Jewel,1307.5,1181,2930,1028,96,110.71126164268,65,4,17
Axe,766.9,76,994,334,76,1009.0789473684,80,1,18
Longbow,765.5,57,970,174,123,1342.9824561404,80,1,18
Short Bow,1216.9,51,1494,216,18,2386.0784313725,80,1,18
Short Bow,3744.15,61,4479,594,44,6137.9508196721,80,1,18
Dagger,1354.55,40,1643,472,123,3386.375,80,1,18
Dagger,8305.45,105,9897,1125,36,7909.9523809524,80,1,18
Focus,840.5,50,1050,131,23,1681,80,1,18
Greatsword,547.75,75,735,922,181,730.33333333333,80,1,18
Greatsword,6687,111,8000,140,22,6024.3243243243,80,1,18
Hammer,1642.15,55,1999,210,49,2985.7272727273,80,1,18
Mace,121.15,46,199,303,56,263.36956521739,80,1,18
Mace,988,47,1220,277,49,2102.1276595745,80,1,18
Pistol,671,41,840,1523,215,1636.5853658537,80,1,18
Pistol,2325.3,51,2798,531,31,4559.4117647059,80,1,18
Rifle,200.3,51,298,226,80,392.74509803922,80,1,18
Rifle,2783.75,100,3395,791,23,2783.75,80,1,18
Scepter,195.25,45,285,208,33,433.88888888889,80,1,18
Scepter,1151.25,41,1405,685,27,2807.9268292683,80,1,18
Staff,7119.8,93,8488,339,28,7655.6989247312,80,1,18
Sword,325.3,45,438,1657,170,722.88888888889,80,1,18
Torch,124.35,36,191,286,104,345.41666666667,80,1,18
Torch,809.15,38,999,400,22,2129.3421052632,80,1,18
Warhorn,7409.45,100,8837,491,9,7409.45,80,1,18
Shield,289.25,36,385,383,147,803.47222222222,80,1,18
Shield,1361.15,81,1699,160,23,1680.4320987654,80,1,18
Harpoon,787.5,52,990,370,34,1514.4230769231,80,1,18
Trident,2087.15,52,2519,1223,62,4013.75,80,1,18
Wall of the Mists,705998,450000,1360000,64,12,156.88844444444,80,5,18
Carrion Glyphic Longblade of Earth,506.2,199,832,210,136,254.37185929648,80,3,18
Carrion Glyphic Edge of Earth,229.65,150,449,326,227,153.1,80,3,18
Jug of Hard Apple Cider,2525.65,81,3069,2248,181,3118.0864197531,0,1,3
Mystic Tube,35593.4,22225,68024,117,18,160.15028121485,0,2,16
Mystic Essence,54215.45,22229,89937,1103,58,243.89513698322,0,2,16
Cold Potion,736.5,52,930,5696,494,1416.3461538462,0,5,7
Major Rune of the Mad King,8964.15,8033,19999,131,72,111.59155981576,40,4,17
Recipe: Major Rune of the Mad King,4402.65,601,5889,1925,96,732.5540765391,0,4,3
Recipe: Major Rune of the Mad King,699.5,140,990,1438,366,499.64285714286,0,4,3
Major Sigil of the Night,3434.8,2775,7308,354,47,123.77657657658,40,4,17
Recipe: Major Sigil of the Night,1492.65,77,1849,544,445,1938.5064935065,0,4,3
Recipe: Superior Sigil of the Night,14111,13002,31900,547,46,108.52945700661,0,5,3
Recipe: Major Sigil of the Night,1930.8,80,2368,1244,238,2413.5,0,4,3
Recipe: Candy Corn Almond Brittle,187.75,78,315,1594,1480,240.70512820513,0,3,3
Apothecary's Prowler Boots,1168.55,124,1523,169,105,942.37903225806,80,3,0
Apothecary's Elder Focus,3305.3,686,4698,304,66,481.8221574344,80,3,18
Apothecary's Barbaric Pauldrons,3278.15,884,4899,144,30,370.8314479638,80,3,0
Apothecary's Feathered Vestments,4145.5,2100,7350,386,42,197.40476190476,80,3,0
Apothecary's Barbaric Legplates,1332.7,1285,3082,433,34,103.71206225681,80,3,0
Apple Passion Fruit Pie,125.8,83,248,3425,1208,151.56626506024,10,2,3
Apothecary's Elder Staff,1716.8,651,2788,93,87,263.71735791091,80,3,18
Apothecary's Prowler Gloves,2032.8,131,2548,139,63,1551.7557251908,80,3,0
Apothecary's Feathered Gloves,3853.9,389,4994,382,31,990.71979434447,80,3,0
Apothecary's Krait Shooter,3039.55,2945,7043,61,53,103.21052631579,80,4,18
Apothecary's Barbaric Helm,2964.95,881,4527,256,58,336.54370034052,80,3,0
Apothecary's Prowler Mask,1355.3,681,2398,152,59,199.01615271659,80,3,0
Stuffed Artichoke with Tropical Dressing,232.15,190,499,4110,759,122.18421052632,75,2,3
Apothecary's Feathered Headpiece,5299.5,1490,7990,248,28,355.6711409396,80,3,0
Apothecary's Mithril Hammer,1146.75,207,1595,72,66,553.98550724638,80,3,18
Apothecary's Barbaric Gloves,4724.95,600,6267,159,27,787.49166666667,80,3,0
Apothecary's Krait Short Bow,3372.15,3000,7499,73,54,112.405,80,4,18
Apothecary's Prowler Pants,1659.3,258,2258,149,62,643.13953488372,80,3,0
Apothecary's Mithril Mace,1614.65,312,2269,70,25,517.51602564103,80,3,18
Apothecary's Barbaric Coat,2835.5,1404,4990,217,55,201.95868945869,80,3,0
Apothecary's Mithril Shield,1995.3,211,2598,130,48,945.63981042654,80,3,18
Apothecary's Elder Torch,3779.45,466,4997,84,42,811.04077253219,80,3,18
Apothecary's Feathered Mantle,4102,401,5300,217,23,1022.9426433915,80,3,0
Apothecary's Krait Shell,3921,2877,8000,84,56,136.28779979145,80,4,18
Apothecary's Barbaric Boots,1829.85,1008,3341,506,96,181.53273809524,80,3,0
Light Armageddon Shoes,201.75,183,455,518,68,110.24590163934,80,3,0
Light Armageddon Garb,311.8,254,668,639,84,122.75590551181,80,3,0
Light Armageddon Garb,387,257,760,199,94,150.58365758755,80,3,0
Light Armageddon Leggings,406.3,253,778,243,25,160.59288537549,80,3,0
Light Armageddon Gloves,214.7,193,482,1358,43,111.24352331606,80,3,0
Light Armageddon Leggings,360,233,700,319,18,154.50643776824,80,3,0
Cavalier's Ring,4629.3,3612,9698,95,60,128.16445182724,80,4,15
Rabid Ring,632.15,623,1479,231,204,101.46869983949,80,3,15
Cavalier's Field Guide,5689.45,2806,9997,135,62,202.76015680684,80,4,15
Book of Rabid Deeds,244.55,198,523,343,182,123.5101010101,80,3,15
Winter's Brunt Hammer Skin,1182496,50002,1450000,83,8,2364.8974041038,0,4,3
Gilded Snowflake,126.6,106,276,1354,953,119.43396226415,35,3,17
Brilliant Snowflake,1495.15,1307,3299,757,594,114.39556235654,65,3,17
Bowl of Peach Raspberry Swirl Ice Cream,538,310,1000,1833,161,173.54838709677,65,2,3
Bowl of Mint Chocolate Chip Ice Cream,508.9,402,1074,2162,342,126.592039801,50,2,3
Bowl of Ginger-Lime Ice Cream,848.8,261,1308,2384,210,325.21072796935,35,2,3
Bowl of Blueberry Chocolate Chunk Ice Cream,527.5,380,1070,1486,392,138.81578947368,20,2,3
Giver's Krait Machete,8400.2,4358,15012,316,37,192.75355667737,80,4,18
Giver's Krait Shell,11940.75,5053,19995,94,32,236.31011280427,80,4,18
Giver's Mithril Greatsword,8974.3,7852,19798,149,36,114.2931737137,80,4,18
Giver's Krait Shooter,8064.7,860,10502,108,26,937.75581395349,80,4,18
Giver's Krait Harpoon Gun,11884.6,5110,19996,65,14,232.57534246575,80,4,18
Giver's Krait Brazier,13440.65,2953,19289,69,8,455.15238740264,80,4,18
Magi's Krytan Sword,188.85,133,381,94,64,141.99248120301,80,3,18
Cavalier's Aureate Virge,5598.5,2806,9890,101,6,199.51888809694,80,4,18
Rabid Krytan Greatsword,217,206,500,209,39,105.33980582524,80,3,18
Cavalier's Glyphic Ward,164.2,150,372,73,58,109.46666666667,80,3,18
Cavalier's Glyphic Edge,356.3,133,578,97,61,267.89473684211,80,3,18
Rabid Glyphic Longblade,216.85,207,501,290,49,104.75845410628,80,3,18
Rabid Glyphic Edge,230.05,136,433,179,99,169.15441176471,80,3,18
Box of Apothecary's Barbaric Armor,99420.35,3029,120531,79,6,3282.2829316606,0,3,4
Box of Giver's Draconic Armor,144628,15000,187800,146,23,964.18666666667,0,5,4
Recipe: Satchel of Giver's Exalted Armor,179247,46001,265000,129,7,389.65892045825,0,5,3
Recipe: Box of Apothecary's Draconic Armor,157373.3,20103,208798,89,7,782.83490026364,0,5,3
Cheetah Charr Backpack Set,4301.05,3001,8593,299,236,143.3205598134,0,3,4
Sentinel's Barbaric Boots,1223.5,602,2150,672,110,203.23920265781,80,3,0
Sentinel's Barbaric Coat,6356.4,700,8304,608,95,908.05714285714,80,3,0
Sentinel's Barbaric Gloves,1338.5,1082,2850,415,49,123.70609981516,80,3,0
Sentinel's Barbaric Helm,1380.5,700,2450,305,44,197.21428571429,80,3,0
Sentinel's Barbaric Legplates,6295.5,800,8350,356,60,786.9375,80,3,0
Sentinel's Barbaric Pauldrons,1087.5,483,1850,261,120,225.15527950311,80,3,0
Sentinel's Draconic Pauldrons,43516.35,41219,99691,325,89,105.5735219195,80,5,0
Sentinel's Feathered Boots,1917.9,353,2674,449,39,543.31444759207,80,3,0
Sentinel's Masquerade Boots,3894.5,3745,8990,124,45,103.99198931909,80,4,0
Sentinel's Feathered Vestments,4910.8,1010,6968,921,10,486.21782178218,80,3,0
Sentinel's Feathered Gloves,7570.2,581,9592,516,7,1302.9604130809,80,3,0
Sentinel's Feathered Mantle,618.65,203,969,731,31,304.75369458128,80,3,0
Sentinel's Prowler Boots,710.05,166,1033,464,266,427.74096385542,80,3,0
Sentinel's Prowler Coat,1891,1082,3500,446,40,174.76894639556,80,3,0
Sentinel's Prowler Gloves,3253.3,126,3978,115,47,2581.9841269841,80,3,0
Sentinel's Prowler Mask,1674.25,385,2425,132,50,434.87012987013,80,3,0
Sentinel's Prowler Pants,3866.25,1083,5825,113,101,356.9944598338,80,3,0
Azurite Mithril Earring of the Sentinel,280.65,184,549,420,209,152.52717391304,80,3,15
Sentinel's Elder Scepter,3804.5,350,4890,80,42,1087,80,3,18
Sentinel's Krait Recurve Bow,5211.8,3106,9788,123,22,167.79781068899,80,4,18
Sentinel's Krait Slayer,4361,4137,10000,226,31,105.41455160745,80,4,18
Sentinel's Krait Machete,4001.3,3645,8998,101,65,109.77503429355,80,4,18
Recipe: Bowl of Refugee's Beet Soup,216.75,202,495,1417,771,107.30198019802,0,3,3
Recipe: Bowl of Zesty Turnip Soup,690.5,115,950,2843,474,600.4347826087,0,3,3
Sentinel's Reinforced Scale Coat of the Eagle,1397.5,207,1890,201,63,675.12077294686,80,3,0
Sentinel's Reinforced Scale Gauntlets of the Flock,205.5,124,390,153,41,165.72580645161,80,3,0
Sentinel's Cabalist Boots of Strength,405,358,900,561,39,113.12849162011,80,3,0
Sentinel's Cabalist Gloves of the Afflicted,498,350,1000,716,43,142.28571428571,80,3,0
Sentinel's Cabalist Legs of Scavenging,375.95,325,827,617,20,115.67692307692,80,3,0
Sentinel's Pirate Coat of Infiltration,7487.3,499,9398,611,71,1500.4609218437,80,3,0
Sentinel's Pirate Shoulders of Mercy,3234.95,152,3987,74,48,2128.2565789474,80,3,0
Sentinel's Banded Coat of Lyssa,5151.5,3338,9990,345,16,154.32893948472,80,4,0
Sentinel's Banded Gauntlets of the Flock,3351.95,3163,7667,127,27,105.97375908947,80,4,0
Sentinel's Banded Helm of the Grove,4008.65,3256,8549,130,43,123.11578624079,80,4,0
Sentinel's Banded Legs of Strength,4071.25,3224,8585,127,12,126.27946650124,80,4,0
Sentinel's Banded Pauldrons of Dwayna,7099.25,3103,12005,136,20,228.78665807283,80,4,0
Sentinel's Banded Helm of the Grove,36983.15,34414,83999,371,30,107.46542104957,80,5,0
Sentinel's Axe,163.9,152,374,608,69,107.82894736842,80,2,18
Sentinel's Dagger of Accuracy,371,137,600,261,69,270.80291970803,80,3,18
Sentinel's Focus of Ice,1383,400,2100,233,79,345.75,80,3,18
Sentinel's Mace,101,67,200,249,74,150.74626865672,80,2,18
Sentinel's Pistol,152.45,81,277,509,64,188.20987654321,80,2,18
Sentinel's Shield of Agony,4139.6,156,5056,145,54,2653.5897435897,80,3,18
Sentinel's Sword,154.45,96,297,141,104,160.88541666667,80,2,18
Pile of Fused Metal Scrap,1586,962,3000,828,74,164.86486486486,0,4,16
Fused Metal Scrap,2189.85,920,3661,1806,143,238.02717391304,0,4,16
Recipe: Infinite Molten Berserker Tonic,53383.8,6104,69988,82,52,874.57077326343,0,5,3
Recipe: Celestial Draconic Helm,4501.15,3996,9999,339,116,112.64139139139,0,5,3
Recipe: Celestial Exalted Masque,16799.3,11247,32998,84,73,149.36694229572,0,5,3
Recipe: Celestial Pearl Rod,551.2,171,852,384,257,322.33918128655,0,5,3
Recipe: Celestial Pearl Bludgeoner,227.65,135,429,668,379,168.62962962963,0,5,3
Small Watchwork Box,545.55,152,823,922,248,358.91447368421,0,1,4
Watchwork Box,1379.65,241,1909,2096,261,572.46887966805,0,1,4
Elegant Watchwork Box,516.85,315,981,3031,342,164.07936507937,0,1,4
Intricate Watchwork Box,806.8,388,1408,4432,322,207.9381443299,0,1,4
Elaborate Watchwork Box,890.15,382,1499,3034,176,233.02356020942,0,1,4
Ornate Watchwork Box,1497.15,1135,3099,2339,309,131.90748898678,0,1,4
Minor Sigil of Bursting,8677.2,2653,13332,199,9,327.07124010554,0,3,17
Minor Sigil of Renewal,11722.5,5012,19690,319,36,233.88866719872,0,3,17
Guild Defender,15284,10214,30000,605,54,149.63775210495,80,5,18
Bit of Twisted Watchwork Scrap,1009.55,249,1483,257,124,405.44176706827,0,4,16
Satchel of Assassin's Noble Armor,49952.5,1105,60070,117,6,4520.5882352941,0,4,4
Assassin's Barbaric Pauldrons,246.5,100,410,664,293,246.5,80,3,0
Assassin's Barbaric Legplates,319.35,113,511,865,132,282.61061946903,80,3,0
Assassin's Barbaric Coat,179.75,120,355,395,251,149.79166666667,80,3,0
Assassin's Prowler Pants,753.45,109,1017,185,24,691.23853211009,80,3,0
Assassin's Prowler Coat,147.9,100,294,272,73,147.9,80,3,0
Assassin's Prowler Shoulders,177.4,113,344,284,124,156.99115044248,80,3,0
Assassin's Prowler Mask,209.8,101,368,348,175,207.72277227723,80,3,0
Lucky White Rabbit's Foot of the Explorer,74498,15600,106000,70,7,477.55128205128,80,4,15
Rabid Pearl Brazier,12159.65,10694,26889,67,25,113.70534879372,80,5,18
Settler's Pearl Impaler,9526,9342,22200,60,40,101.96959965746,80,5,18
Cavalier's Pearl Impaler,18300.3,11225,34738,62,31,163.03162583519,80,5,18
Assassin's Mithril Sword,230.5,150,450,585,248,153.66666666667,80,3,18
Dire Krytan Sword of Earth,201.6,133,396,81,62,151.57894736842,80,3,18
Dreamthistle Rifle Skin,659990.05,360002,1199993,63,14,183.32955094694,0,4,3
Generous Wintersday Gift,108651,61262,199900,1133,16,177.35464072345,0,1,4
Recipe: Keeper's Harpoon Gun,4869.8,2003,8088,342,97,243.12531203195,0,6,3
Recipe: Keeper's Masque,11443.15,3004,16999,314,48,380.93042609854,0,6,3
Recipe: Keeper's Blade,13896,6502,24000,291,64,213.7188557367,0,6,3
Recipe: Keeper's Bastion,12936,5762,22000,306,62,224.50538007636,0,6,3
Recipe: Keeper's Breastplate,67497.15,60000,149999,341,19,112.49525,0,6,3
Recipe: Keeper's Short Bow,7662.9,5556,15554,354,61,137.9211663067,0,6,3
Recipe: Keeper's Claymore,61490.75,40503,119995,321,38,151.81776658519,0,6,3
Recipe: Keeper's Visage,5350.8,3103,9948,401,60,172.43957460522,0,6,3
Recipe: Keeper's Herald,7496,1002,10000,606,50,748.10379241517,0,6,3
Recipe: Keeper's Striders,6190.05,4002,11993,300,68,154.67391304348,0,6,3
Recipe: Keeper's Revolver,7160.3,1251,9898,366,54,572.36610711431,0,6,3
Recipe: Keeper's Greatbow,6674,3099,11500,295,71,215.35979348177,0,6,3
Recipe: Keeper's Razor,14390.15,6857,24999,305,49,209.86072626513,0,6,3
Recipe: Keeper's Reaver,13731,6667,24000,296,41,205.95470226489,0,6,3
Recipe: Keeper's Musket,5476,3022,10000,359,62,181.20450033091,0,6,3
Recipe: Keeper's Artifact,10879.3,6032,19898,306,57,180.35974801061,0,6,3
Recipe: Keeper's Wand,9705.5,7250,19950,318,52,133.86896551724,0,6,3
Recipe: Zealot's Emblazoned Coat,1217.65,301,1789,181,149,404.53488372093,0,5,3
Recipe: Zealot's Emblazoned Gloves,1430.3,606,2398,126,108,236.02310231023,0,5,3
Recipe: Zealot's Pearl Conch,386.75,117,595,267,219,330.55555555556,0,5,3
Recipe: Zealot's Pearl Stinger,241.6,76,376,388,229,317.89473684211,0,5,3
Recipe: Zealot's Pearl Reaver,290.25,205,585,561,222,141.58536585366,0,5,3
Recipe: Zealot's Pearl Carver,285.75,116,475,317,211,246.33620689655,0,5,3
Recipe: Zealot's Pearl Crusher,231.3,156,458,309,222,148.26923076923,0,5,3
Recipe: Zealot's Pearl Sabre,469,209,800,495,163,224.4019138756,0,5,3
Recipe: Sprocket Orichalcum Earring,1283.4,401,1984,271,216,320.04987531172,0,5,3
