Name,Profit,Buy Price,Sell Price,Demand,Supply,Margin
"Berserker's Sneakthief Mask of the Afflicted",12679.5,36083,57370,122,57,35.139816534102
"Berserker's Seer Coat of the Flame Legion",25280.65,41008,77989,357,30,61.648093055014
"Rampager's Seer Coat of the Traveler",13858,30323,51980,133,82,45.701282854599
"Rampager's Seer Coat of Divinity",34137.15,50860,99999,98,9,67.119838773103
"Rampager's Sneakthief Mask of the Traveler",23023,32565,65400,145,70,70.698602794411
"Berserker's Sneakthief Coat of the Dolyak",43620.9,83022,148994,230,11,52.541374575414
"Shaman's Seer Coat of Divinity",13776.3,19200,38798,92,38,71.7515625
"Carrion Sneakthief Coat of Mercy",11309.3,14102,29898,111,39,80.19642603886
"Berserker's Sneakthief Sandals of the Dolyak",20508.35,23155,51371,239,24,88.569855322824
"Rampager's Sneakthief Coat of the Pack",11578.75,30915,49995,141,69,37.453501536471
"Aidan's Coat",12510.75,19001,37075,409,164,65.842587232251
"Rampager's Sneakthief Sandals of Vampirism",21364.05,27520,57513,124,25,77.630995639535
"Shaman's Sneakthief Sandals of the Traveler",12286,21712,40000,68,35,56.586219602063
"Cleric's Sneakthief Sandals of the Traveler",19689.55,21145,48043,133,48,93.116812485221
"Rampager's Seer Boots of Rage",34423,85000,140500,43,12,40.497647058824
"Shaman's Scallywag Greaves of the Flame Legion",10806.9,10895,25534,49,22,99.191372189078
"Cleric's Scallywag Greaves of Rage",10160.55,12178,26283,89,51,83.433650845787
"Devona's Gauntlets",29262.8,113712,168208,84,75,25.734135359505
"Devona's Helm",22232,101016,145000,132,46,22.008394709749
"Devona's Legplates",22921.3,105425,150998,79,46,21.741806971781
"Shaman's Scallywag Legs of the Traveler",19951.45,22544,49997,75,41,88.5000443577
"Berserker's Seer Gloves of Lyssa",19873.4,21744,48964,139,65,91.397167034584
"Devona's Pauldrons",25564.05,110003,159493,96,58,23.239411652409
"Shaman's Scallywag Pauldrons of Strength",23380,112618,160000,113,10,20.760446820224
"Cleric's Scallywag Pauldrons of the Pack",23163.95,30934,63647,73,36,74.881845218853
"Rampager's Seer Mask of Strength",36087.35,105020,166011,63,13,34.362359550562
"Rampager's Seer Pants of Balthazar",13035.85,16849,35161,54,16,77.368686568936
"Rampager's Seer Mantle of Hoelbrak",34716.15,42444,90779,53,17,81.792832909245
"Shaman's Seer Mantle of Strength",26075.7,106133,155542,49,24,24.56888997767
"Iron Legion's Pauldrons",116994,240004,420000,6503,12,48.746687555207
"Box of Knight's Draconic Armor",117993,205005,380000,64,13,57.556157166898
"Satchel of Strong Outlaw Armor",20653,32300,62300,100,11,63.941176470588
"Satchel of Berserker's Exalted Armor",112496.3,270000,449998,69,11,41.665296296296
"Satchel of Rampager's Exalted Armor",98648,130000,269000,76,26,75.883076923077
"Recipe: Tray of Mango Pies",64981.65,105007,199989,28,8,61.883160170274
"Recipe: Feast of Spicy Lime Steaks",41877.3,75079,137598,52,31,55.777647544586
"Recipe: Feast of Fancy Truffle Burgers",49693.15,120304,199999,39,8,41.306315666977
"Recipe: Feast of Lemongrass Poultry",104248.15,150324,299499,41,6,69.348972885235
"Recipe: Feast of Rare Veggie Pizzas",68940,150001,257580,27,7,45.959693602043
"Recipe: Feast of Truffle Steak",101374.15,102538,239899,53,9,98.864957381654
"Recipe: Feast of Seaweed Salad",24973.9,111019,159994,96,28,22.495158486385
"Recipe: Pot of Lemongrass Poultry Soup",86628.7,100541,220202,48,9,86.162560547438
"Cleric's Draconic Legs",10136.3,28025,44898,96,35,36.168777876896
"Carrion Draconic Gauntlets",12845.3,20216,38898,167,60,63.540265136525
"Carrion Draconic Coat",11065,27183,45000,142,87,40.705588051356
"Cleric's Draconic Coat",17096.15,21712,45659,78,36,78.740558216654
"Knight's Draconic Coat",10930.3,28761,46698,107,100,38.003894162234
"Valkyrie Draconic Coat",15146,23102,45000,80,71,65.561423253398
"Knight's Draconic Helm",13748.15,15999,34999,128,64,85.931308206763
"Valkyrie Exalted Boots",18005.2,30011,56492,96,63,59.995335043817
"Carrion Exalted Masque",10258,14815,29500,101,85,69.240634492069
"Cleric's Emblazoned Coat",11465.15,22532,39999,116,55,50.883854074206
"Valkyrie Emblazoned Shoulders",10470,21828,38000,85,54,47.965915338098
"Pot of Curry Pumpkin Soup",13913.4,20564,40564,1721,148,67.65901575569
"Lucky Pink Rabbit's Foot",40177.15,70235,129899,181,24,57.20388695095
"Carrion Primordus Staff",173998.15,210114,451899,218,6,82.811307195142
"Cleric's Primordus Staff",213731.65,237777,531189,69,8,89.88743654769
"Rampager's Primordus Staff",64088.95,252727,372727,171,8,25.358964416149
"Knight's Primordus Staff",181414.4,227777,481404,127,6,79.645618302111
"Cleric's Primordus Trident",108712.5,137777,289990,51,11,78.904679300609
"Berserker's Primordus Trident",88088.95,262727,412727,167,7,33.528700894845
"Knight's Primordus Trident",114735.25,157777,320605,39,9,72.719883126184
"Carrion Primordus Scepter",129245.15,162727,343499,77,11,79.424526968481
"Cleric's Primordus Scepter",68235.15,157777,265899,66,7,43.247843475285
"Berserker's Primordus Scepter",109681.15,178891,339499,132,9,61.311720544913
"Rampager's Primordus Scepter",128670.15,157777,336999,34,17,81.551905537562
"Carrion Primordus Focus",102270.15,152727,299999,40,7,66.962717790567
"Berserker's Primordus Focus",45397,207901,298000,84,25,21.835873805321
"Rampager's Primordus Focus",63220.15,157777,259999,17,15,40.069306679681
"Knight's Primordus Focus",66868.45,162627,269997,23,9,41.117680335984
"Carrion Primordus Short Bow",137772,167801,359500,26,14,82.104397470814
"Berserker's Primordus Short Bow",89077.15,272170,424999,105,8,32.728496895323
"Rampager's Primordus Short Bow",158514.45,202731,424997,235,6,78.189546739275
"Carrion Primordus Warhorn",148171.95,167777,371707,22,9,88.314816691203
"Valkyrie Primordus Warhorn",153716.75,177777,389995,12,9,86.466050163969
"Berserker's Primordus Warhorn",133137.5,200205,392170,19,11,66.500586898429
"Rampager's Primordus Warhorn",85169,152829,280000,92,21,55.728297639846
"Knight's Primordus Warhorn",99796,137777,279500,22,8,72.43298954107
"Carrion Primordus Torch",130515.3,162731,344998,27,6,80.203095906742
"Berserker's Primordus Torch",142827.9,187900,389094,39,10,76.012719531666
"Knight's Primordus Torch",66866.25,147778,252525,21,8,45.247770304105
"Carrion Primordus Longbow",169591.15,227781,467499,23,7,74.453597973492
"Rampager's Primordus Longbow",199363.75,252830,531995,47,7,78.852885337974
"Carrion Primordus Pistol",127346,152727,329500,49,6,83.381458419271
"Valkyrie Primordus Pistol",99720,197778,350000,42,6,50.420168067227
"Berserker's Primordus Pistol",103677.5,218887,379490,259,10,47.365764070045
"Rampager's Primordus Pistol",129380.15,167777,349599,149,8,77.114354172503
"Cleric's Primordus Rifle",74275.15,237247,366499,87,8,31.307097666145
"Berserker's Primordus Rifle",155689.45,252306,479997,227,9,61.70659833694
"Rampager's Primordus Rifle",172796,217777,459500,48,7,79.345385417193
"Carrion Primordus Harpoon Gun",127050.15,172827,352799,32,10,73.512905969553
"Knight's Primordus Harpoon Gun",149566.15,187881,396999,16,6,79.606852209643
"Carrion Primordus Dagger",84229.3,209102,345098,270,7,40.281441593098
"Valkyrie Primordus Dagger",98820.05,190002,339793,234,17,52.01000515784
"Rampager's Primordus Dagger",83520,192728,325000,126,10,43.335685525715
"Knight's Primordus Dagger",133494,162729,348500,28,9,82.034548236639
"Cleric's Primordus Sword",128570.15,202927,389999,104,9,63.3578331124
"Valkyrie Primordus Sword",125219.3,197777,379998,175,19,63.313378198678
"Berserker's Primordus Mace",49791,230707,330000,45,15,21.581919924406
"Valkyrie Primordus Mace",102912.5,227778,389050,10,7,45.181053481899
"Rampager's Primordus Mace",156135,217778,439900,10,7,71.694569699419
"Berserker's Primordus Shield",119385.15,162727,331899,104,7,73.365298936255
"Valkyrie Primordus Shield",102023,150000,296500,50,8,68.015333333333
"Rampager's Primordus Shield",82670,160003,285500,157,17,51.667781229102
"Knight's Primordus Shield",128836.15,164751,345399,68,10,78.200526855679
"Carrion Primordus Axe",131272,211701,403500,15,6,62.008209691971
"Cleric's Primordus Axe",131187.15,168180,352199,21,8,78.004013556903
"Berserker's Primordus Axe",50498,230000,330000,102,7,21.955652173913
"Valkyrie Primordus Axe",141117.15,182730,380999,127,6,77.227138400919
"Rampager's Primordus Axe",75389.15,256108,389999,41,8,29.436468208724
"Carrion Primordus Greatsword",166408,241165,479500,627,19,69.001720813551
"Rampager's Primordus Greatsword",209175.8,232727,519888,128,13,89.880331891014
"Knight's Primordus Greatsword",189966.3,247780,514998,164,16,76.66732585358
"Cleric's Primordus Maul",164117.15,277880,519999,29,8,59.060439758169
"Berserker's Primordus Maul",83995,290003,440000,55,9,28.963493481102
"Valkyrie Primordus Maul",167333,255540,497500,15,6,65.482116302731
"Knight's Primordus Maul",186570.15,247777,510999,32,9,75.297606315356
"Berserker's Primordus Pike",83998.15,289999,439999,285,6,28.964979189583
"Knight's Primordus Pike",194580.9,227777,496894,58,6,85.426052674326
"Carrion Pearl Quarterstaff",14153.15,27137,48579,213,157,52.15443858938
"Berserker's Pearl Handcannon",20168.5,49096,81490,117,74,41.079721362229
"Berserker's Pearl Speargun",12253.3,30243,49998,132,88,40.516152498099
"Valkyrie Corrupted Sledgehammer",58957.9,263100,378894,49,26,22.408931965032
"Valkyrie Corrupted Harpoon Gun",91980.2,215031,361192,80,15,42.775320767703
"Valkyrie Corrupted Blaster",66569,222004,339500,85,18,29.985495756833
"Valkyrie Corrupted Bulwark",48246.15,171901,258999,47,24,28.066241615814
"Valkyrie Corrupted Spear",128835.5,161803,341930,31,30,79.624914247573
"Valkyrie Corrupted Branch",78551,244447,380000,81,15,32.134164051921
"Berserker's Pearl Carver",14792.1,60861,89006,214,100,24.30472716518
"Berserker's Pearl Bludgeoner",26560.95,67011,110087,71,27,39.636701437077
"Berserker's Pearl Reaver",18733.15,70514,104999,110,97,26.566568341039
"Call of the Commissar",13211.6,31833,52996,35,19,41.502842961706
"Mini Big Nose Ted",16202,39046,65000,628,108,41.494647339036
"Mini Ice Elemental",12903,20245,39000,773,128,63.734255371697
"Mini White Moa",11796,33507,53300,673,98,35.204584116752
"Mini Pink Moa",12544.5,37510,58890,659,147,33.443081844841
"Mini Oakheart",180589.45,326057,596057,1511,42,55.385852780342
"Mini Vampire Bat",47567.3,115000,191258,762,63,41.362869565217
"Mini Undead Chicken",76355,340143,490000,1701,39,22.447911613645
"Mini Jack-a-lop",280682.45,1300313,1859997,2115,30,21.585760505355
"Mini Flame Shaman",21207.5,60042,95590,646,87,35.321108557343
"Mini Ragar Shardhammer",13241.75,25002,44995,552,69,52.962762978962
"Mini Zojja",14233,45010,69700,626,88,31.621861808487
"Mini Black Moa",65977.75,240016,359995,583,73,27.488896573562
"Heavy Bag of Coins",176660.15,353805,624079,2837,20,49.931501815972
"Arcane Sliver",24984.15,60013,99999,145,27,41.631229900188
"Adept's Training Manual",26549.95,36286,73927,1114,40,73.168577412776
"PvP Salvage Kit",335043,514955,1000000,3641,13,65.062578283539
"Triforge Pendant",972174,2129304,3648800,176,13,45.656890702314
"Emerald Pendant",234287.5,760168,1169950,150,12,30.820489681228
"Berserker's Amulet",14833.05,67660,97053,129,71,21.922923440733
"Berserker's Ring",32405.45,54970,102797,208,29,58.95115517555
"Rampager's Ring",14622.3,22587,43778,186,87,64.737680966928
"Shaman's Etched Avenger of Blood",28306.2,39600,79892,133,38,71.480303030303
"Shaman's Etched Revolver of Blood",11240.7,15024,30902,39,31,74.818290734824
"Shaman's Etched Blaster of Blood",10520,15658,30800,46,21,67.186102950568
"Shaman's Etched Branch of Blood",19787.3,26024,53898,89,24,76.03481401783
"Shaman's Etched Branch of Intelligence",15100,37173,61500,77,18,40.620880746779
"Shaman's Etched Blade of Blood",10455.25,25621,42445,82,52,40.807345536864
"Shaman's Etched Wartorch of Intelligence",10041.8,15021,29488,40,15,66.851740896079
"Berserker's Iron Axe of Smoldering",11982.45,22013,39997,128,13,54.433516558397
"Rampager's Iron Axe of Nullification",12309.8,15507,32728,57,19,79.382214483782
"Cleric's Iron Axe of Blood",17275.1,23681,48186,51,25,72.949199780415
"Cleric's Iron Mace of Bloodlust",12047.55,37321,58083,124,10,32.280887436028
"Berserker's Iron Mace of Fire",14581.35,16094,36091,129,21,90.601155710203
"Berserker's Iron Dagger of Rage",13285.6,46124,69896,173,42,28.804093313676
"Berserker's Iron Dagger of Nullification",23913.15,103159,149499,160,37,23.180866429492
"Rampager's Iron Sword of Leeching",12685.75,20543,39095,135,116,61.752178357591
"Cleric's Iron Sword of Air",10822.15,33375,51999,97,17,32.425917602996
"Berserker's Soft Wood Scepter of Fire",31710,44431,89580,80,11,71.369089149468
"Cleric's Iron Shield of Fire",10473.55,27675,44883,35,31,37.844805781391
"Rampager's Iron Pistol of Battle",13507.15,13639,31939,56,31,99.033286897866
"Cleric's Soft Wood Focus of Agony",14770.7,16509,36802,139,52,89.470591798413
"Berserker's Soft Wood Focus of Ice",12065.5,26174,44990,44,15,46.097272102086
"Berserker's Iron Greatsword of Perception",19816.9,76039,112774,578,26,26.061494759268
"Cleric's Iron Greatsword of Perception",19003.4,35857,64544,56,14,52.997741026857
"Berserker's Iron Greatsword of Venom",11185.3,33096,52098,272,118,33.796531302876
"Berserker's Iron Greatsword of Smoldering",58254.4,110812,198904,95,11,52.570479731437
"Rampager's Iron Greatsword of Energy",24457.15,35040,69999,57,33,69.797802511416
"Rampager's Iron Greatsword of Grawl Slaying",12912.9,33354,54434,74,21,38.714696887929
"Cleric's Soft Wood Staff of Corruption",14188,38935,62500,120,12,36.440220880955
"Berserker's Soft Wood Staff of Grawl Slaying",11072,30151,48500,139,126,36.72183343836
"Berserker's Soft Wood Staff of Peril",64664,81143,171540,93,26,79.691408993998
"Rampager's Soft Wood Staff of Perception",10209.65,38229,56989,31,29,26.706557848754
"Berserker's Iron Hammer of Energy",35660.15,55219,106919,69,17,64.579492565965
"Berserker's Iron Hammer of Ogre Slaying",43677.2,46006,105512,51,17,94.938051558492
"Rampager's Iron Hammer of Purity",10239.85,15582,30381,417,312,65.715890129637
"Cleric's Soft Wood Longbow of Energy",28843.15,30654,69999,61,38,94.092614340706
"Cleric's Soft Wood Longbow of Restoration",10779.15,23218,39999,59,32,46.425833405117
"Berserker's Soft Wood Longbow of Accuracy",22019.45,23026,52997,94,36,95.628637192739
"Berserker's Soft Wood Longbow of Peril",18711,84902,121900,70,27,22.03835009776
"Berserker's Black Earth Trident of Purity",14084.15,27648,49099,56,18,50.940936053241
"Rampager's Iron Spear of Bloodlust",12347.9,31335,51394,121,32,39.406095420456
"Carcharias",157540.5,650000,950050,82,61,24.237
"Charr Pistol",14036.1,22517,43006,751,28,62.335568681441
"Charr Greatsword",23261.7,40216,74682,4443,18,57.841903719912
"The Dreamer",3666496,18000002,25490000,3212,17,20.369419958953
"Kamohoali'i Kotaki",3580092.15,15111405,21989999,1781,6,23.691325525323
"The Moot",3889994.3,16510002,23999998,1810,8,23.561440513454
"Phoenix Talon",167498,300000,550000,71,10,55.832666666667
"Dreadwing",70371,191002,307500,144,13,36.843069706076
"Seasatchel",42974.65,161082,240069,73,19,26.678741262214
"Gaze",79524.35,149796,269791,34,30,53.088433603033
"Malice",61747.25,155005,255005,20,17,39.835650462888
"Accursed Chains",156988.15,302009,539999,104,6,51.981282014774
"Spirit Links",239315.3,951531,1400998,126,18,25.150552110231
"Eye of Rodgort",1046479,2600019,4290000,86,8,40.248898181129
"Abyssal Scepter",782826.95,2175058,3479867,263,9,35.991083915923
"Wall of the Mists",1203572,2621426,4500000,104,7,45.912873375026
"Melandru's Gaze",392380.15,500117,1049999,43,10,78.457670905008
"Eidolon",940996.3,3700000,5459998,472,17,25.432332432432
"Stygian Blade",434940.15,2072557,2949999,302,11,20.985678560348
"Firebringer",395394.15,1160103,1829999,161,13,34.082676279606
"Rusttooth",20990.45,85000,124697,109,61,24.694647058824
"Unspoken Curse",302498,760000,1250000,38,9,39.802368421053
"Wintersbite",424997.15,1700000,2499999,113,11,24.999832352941
"Feathers of Dwayna",1215517.9,3000135,4959594,58,7,40.515440138527
"Mystic Battleaxe",34804.95,131000,195067,101,25,26.568664122137
"Ignus Fatuus",329996.3,1540000,2199998,48,7,21.428331168831
"Mystic Spear",44336.75,101041,171035,62,15,43.879959620352
"Mystic Barricade",45685.65,131001,207869,98,55,34.874275768887
"Mystic Sword",38281.2,104000,167392,93,55,36.808846153846
"Mystic Battlehammer",31494,130004,190000,62,48,24.225408448971
"Mystic Torch",31530.25,130210,190285,98,25,24.214922048998
"Mystic Caller",39047.1,130004,198886,48,37,30.035306605951
"Mystic Trident",34963.95,112073,172987,76,36,31.197478429238
"Mirage",288400.65,1250003,1809889,93,11,23.071996627208
"Mystic Cudgel",31765.6,130035,190356,95,44,24.428500019226
"Tear of Grenth",210898,341600,650000,84,25,61.738290398126
"Reaper of Souls",150020.8,699882,999888,25,6,21.435156212047
"Carrion Legionnaire Greatsword of Blood",94395.25,163429,303325,1248,10,57.759179827326
"Carrion Legionnaire Maul of Blood",13891.25,20536,40505,84,13,67.643406700429
"Carrion Legionnaire Virge of Blood",15301.15,20311,41899,88,40,75.334301609965
"Carrion Legionnaire Shield of Blood",13527.05,16198,34973,75,24,83.510618594888
"Ravaging Flame Dagger of Battle",13532.2,15767,34472,156,65,85.826092471618
"Ravaging Flame Greatsword of Battle",17834.65,22036,46909,127,93,80.934153203848
"Ravaging Flame Staff of Battle",11078.05,20007,36573,161,38,55.370870195432
"Carrion Tribal Axe of Blood",11420.55,27238,45483,218,57,41.928739261326
"Carrion Tribal Greatsword of Blood",23724.1,69745,109966,359,27,34.015484981002
"Carrion Tribal Bow of Blood",24155,37468,72500,186,50,64.468346322195
"Carrion Tribal Scepter of Blood",10464.35,16828,32111,111,29,62.184157356786
"Ravaging Verdant Dagger of Battle",11747.9,20069,37434,202,54,58.537545468135
"Ravaging Verdant Greatsword of Battle",10087.4,15465,30064,508,66,65.227287423214
"The Fate of Menzies",148801.9,650106,939894,55,9,22.888867353939
"Mystic Forge Conduit",494489.45,1800506,2699997,1469,42,27.463915699253
"Mystic Nexus",32825.45,120000,179797,732,194,27.354541666667
"Mystic Frame",121016.9,261136,449594,767,57,46.342480546535
"Recipe: Gift of Spiders",68248,310000,445000,81,42,22.015483870968
"Recipe: Gift of the Moon",147479.75,320014,549995,54,34,46.085405638503
"Endless Designer Hoodie Clothing Tonic",286883,350105,749400,303,28,81.941988831922
"Endless Leather Hoodie Clothing Tonic",64801.55,66541,154523,317,46,97.38589741663
"Endless Silk Brocade Clothing Tonic",142961.65,350214,580209,278,11,40.821226450113
"Endless Layered Vest Clothing Tonic",47876.25,86035,157545,309,30,55.647410937409
"Endless Striped Silk Clothing Tonic",82854.65,191276,322509,302,19,43.316803990046
"Endless Casual Hoodie Clothing Tonic",31161.55,75565,125563,352,63,41.238073182029
"Severed Dagger Skin",224998,1050000,1500000,91,20,21.428380952381
"Greatsaw Greatsword Skin",4189394,17910604,26000000,1583,12,23.390579122848
"Deathly Pauldrons Skin",1723930,3333568,5950000,297,17,51.714259316144
"Deathly Shoulderpads Skin",705976.25,3110101,4489505,60,15,22.699463779472
"Chain Sword Skin",999997.15,1550000,2999999,178,27,64.51594516129
"Deathly Avian Shoulderpads Skin",647442.5,1010336,1950330,55,35,64.081899486903
"Deathly Avian Mantle Skin",2594768,3040305,6629500,53,16,85.345647887301
"Deathly Bull's Mantle Skin",1432239.45,1955057,3985057,108,13,73.25819400662
"Deathly Bull's Pauldrons Skin",661324,1200174,2190000,46,30,55.102343493527
"Colossus Fang",14087.3,32064,54298,136,124,43.93494261477
"Eternal Flame",29529.2,38530,80072,47,41,76.639501686997
"Ashes of the Effigy",10067.75,40161,59095,57,49,25.068474390578
"The Zealot's Amulet",26165.75,35028,71995,26,11,74.699526093411
"Nightmare Coil",36765.65,88598,147489,177,75,41.497155692002
"Tortured Root",22686.75,35022,67895,70,40,64.77856775741
"Passiflora Orichalcum Ring",11722.45,47008,69097,105,11,24.937138359428
"Apothecary's Exalted Boots",10176.2,34117,52112,56,27,29.827358794736
"Passiflora Orichalcum Earring",13909,41339,65000,65,43,33.646193666997
"Apothecary's Exalted Coat",10068.45,25559,41917,82,48,39.392973121014
"Passiflora Orichalcum Amulet",31732.8,45520,90888,75,13,69.711775043937
"Apothecary's Emblazoned Gloves",13444,20554,40000,99,32,65.408193052447
"Apothecary's Pearl Crusher",14435.1,26708,48406,59,44,54.047850831212
"Apothecary's Draconic Coat",29497,30001,70000,256,50,98.320055998133
"Apothecary's Primordus Scepter",133985.45,170395,358097,92,7,78.632266204994
"Apothecary's Primordus Staff",176336.25,217777,463665,40,7,80.971016223017
"Apothecary's Primordus Trident",124002.8,157777,331508,32,10,78.59371137745
"Apothecary's Emblazoned Pants",21993.6,54501,89996,60,45,40.35448890846
"Apothecary's Exalted Pants",17381.7,40027,67542,117,26,43.424938166737
"Apothecary's Pearl Brazier",23707,23806,55900,43,28,99.584138452491
"Apothecary's Primordus Longbow",174821,250177,500000,50,9,69.87892572059
"Apothecary's Primordus Rifle",149747.95,190001,399707,47,12,78.814295714233
"Apothecary's Primordus Axe",72592.6,230002,355996,207,14,31.561725550213
"Apothecary's Primordus Dagger",111391.3,186105,349998,199,10,59.854007146503
"Apothecary's Primordus Warhorn",129040.15,177977,361199,15,9,72.503834765166
"Apothecary's Primordus Greatsword",156728.45,257880,487777,165,12,60.77572902125
"Apothecary's Primordus Mace",133268.45,172727,359997,33,8,77.15554024559
"Apothecary's Primordus Shield",106282.15,132735,281199,17,12,80.070930801974
"Apothecary's Orichalcum Imbued Inscription",17693.95,59643,90987,237,61,29.66643193669
"Light Consortium Breathing Mask Skin",18046.15,49951,79999,580,136,36.127705151048
"Medium Consortium Breathing Mask Skin",26540.15,49957,89999,177,80,53.125988349981
"Heavy Island Shoulder Skin",10179.65,33006,50809,515,101,30.841816639399
"Light Island Shoulder Skin",10522.55,40835,60423,139,131,25.768458430268
"Mini Karka",4001490,13500008,20590000,1345,6,29.640649101838
"Mini Karka Hatchlings",1871485.15,4920012,7989999,1262,20,38.038223280756
"Southsun Mask",812299.15,862198,1969999,475,19,94.212599658083
"Shark's Tooth Sword Skin",34992.15,135005,199999,401,72,25.91915114255
"Tiki Totem Shield Skin",32566.15,132246,193899,5629,78,24.625432905343
"Consortium Clipper Focus Skin",91303.3,121193,249998,360,53,75.337106928618
"Dagger",20249.25,35003,65005,195,25,57.850041425021
"Scepter",26471,58527,100000,78,15,45.228697865942
"Superior Sigil of Karka Slaying",107444,275054,450000,39,27,39.062874926378
"Winter's Needle Dagger Skin",639239,1150009,2105000,65,12,55.585564982535
"Winter's Timber Staff Skin",549881,1490117,2400000,114,15,36.901867437255
"Winter's Reach Longbow Skin",541498,2000000,2990000,280,10,27.0749
"Endless Gift Dolyak Tonic",29844.15,110403,164999,1414,95,27.032009999728
"Major Sigil of Generosity",49394.6,225150,322996,200,36,21.938529868976
"Giver's Pearl Broadsword",11624.3,21777,39298,217,150,53.378794140607
"Star of Dwayna",187689.15,380108,667999,67,66,49.377847874815
"Balthazar's Band",204664,342802,644080,178,21,59.703268942422
"Signet of Grenth",33814.9,74519,127454,97,47,45.377554717589
"Sentinel's Draconic Boots",70074.15,91423,189999,43,6,76.648272316594
"Sentinel's Draconic Coat",38058,100065,162500,45,21,38.03327836906
"Sentinel's Draconic Gauntlets",58847.15,100100,186999,41,10,58.788361638362
"Sentinel's Draconic Helm",40142.95,100128,165027,46,13,40.091632710131
"Sentinel's Draconic Legs",43877.8,100134,169428,116,13,43.819082429544
"Sentinel's Draconic Pauldrons",86881,97992,217500,34,24,88.661319291371
"Sentinel's Exalted Boots",45130.15,105317,176999,51,7,42.851723843254
"Sentinel's Exalted Coat",32045.45,120100,178997,41,11,26.682306411324
"Sentinel's Exalted Masque",54373.15,85024,163999,36,29,63.950355193828
"Sentinel's Exalted Pants",51388.15,110109,189999,32,19,46.670254021016
"Sentinel's Exalted Mantle",28372.15,65125,109999,59,19,43.565681381958
"Sentinel's Emblazoned Boots",50981.15,85016,159999,59,9,59.966535710925
"Sentinel's Emblazoned Coat",52199.1,65087,137986,30,12,80.19896446295
"Azurite Orichalcum Amulet",165904.3,350042,606998,28,11,47.395541106496
"Azurite Orichalcum Earring",109618.9,402516,602514,58,19,27.233426745769
"Azurite Orichalcum Ring",109992.75,400018,600015,41,8,27.496950137244
"Sentinel's Primordus Greatsword",174493.15,225004,469999,32,7,77.551132424312
"Sentinel's Primordus Rifle",119610.15,179587,351999,10,8,66.602899987193
"Sentinel's Primordus Short Bow",126301.3,200095,383998,29,11,63.120667682851
"Sentinel's Primordus Pike",147070.15,182727,387999,13,11,80.486271870058
"Sentinel's Primordus Sword",159096.15,211501,435999,42,13,75.222410295932
"Sentinel's Primordus Trident",119117.15,147780,313999,15,9,80.604378129652
"Sentinel's Pearl Stinger",38276.5,63713,119990,32,11,60.076436520019
"Sentinel's Pearl Handcannon",29414.3,55565,99978,29,19,52.936740754072
"Sentinel's Krait Short Bow",11102.3,12269,27498,32,27,90.490667536067
"Sentinel's Krait Battleaxe",12537.7,15512,33002,23,20,80.825812274368
"Sentinel's Pearl Reaver",39400.45,82570,143497,25,17,47.717633523071
"Sentinel's Pearl Broadsword",48225.2,91761,164692,110,25,52.55522498665
"Sentinel's Pearl Crusher",45477.45,90178,159597,26,20,50.430759165207
"Sentinel's Pearl Bludgeoner",42241.45,75887,138977,19,12,55.66361827454
"Sentinel's Pearl Shell",24241.3,110905,158998,25,19,21.857716063297
"Sentinel's Embroidered Silk Insignia",64917.5,172307,279090,830,14,37.67548619615
"Sentinel's Intricate Gossamer Insignia",34732.35,90208,146991,655,90,38.502516406527
"Recipe: Carrot Soufflé",13063.4,26208,46204,127,99,49.845085470085
"Recipe: Plate of Frostgorge Clams",13036,15437,33500,1064,383,84.446459804366
"Recipe: Mushroom Loaf",10167.05,15325,29993,2680,600,66.342903752039
"Recipe: Bowl of Sweet and Spicy Butternut Squash Soup",163732.35,210003,439691,824,55,77.966671904687
"Shiver Sky Dye",32491.75,120502,179995,114,101,26.963660354185
"Pyre Dye",81158.25,152543,274945,411,151,53.203522941072
"Flare Dye",15367.1,67511,97506,162,154,22.762364651686
"Charred Dye",38075.95,142808,212807,229,105,26.662336843874
"Fused Dagger Skin",4933496.15,9100001,16509999,2398,9,54.214237448985
"Super Greatsword Skin",674954.65,2300000,3499949,439,65,29.345854347826
"Super Long Bow Skin",484996.15,960001,1699999,85,33,50.520379666271
"Super Scepter Skin",339947.15,510050,999999,85,76,66.649769630428
"Super Shield Skin",640343,1230080,2200500,130,34,52.057020681582
"Super Staff Skin",584496,1600002,2570000,110,46,36.530954336307
"Super Sword Skin",818380.85,1400033,2609901,148,36,58.454397146353
"Mini Molten Firestorm",2124986.15,4250011,7499999,12104,14,49.999544707061
"Infinite Molten Berserker Tonic",308975.15,320022,739999,295,20,96.548096693352
"Decorative Molten Jetpack",4230488,17011010,24990000,827,8,24.869117118854
"Mini Southsun Faren",237912.15,340000,679899,758,73,69.974161764706
"Mini Southsun Kasmeer",834995.15,2310002,3699999,683,37,36.14694489442
"Sclerite Greatsword Skin",2087877.45,3012101,5999977,128,9,69.316316086346
"Sclerite Scepter Skin",483487.15,1981510,2899999,39,6,24.399934898133
"Sclerite Short Bow Skin",1482461,1500187,3509000,34,6,98.818413971058
"Sclerite Sword Skin",1414996,3260002,5500000,99,6,43.404758647387
"Settler's Ring",12697.15,20025,38499,95,28,63.406491885144
"Jorbreaker",12257.95,22171,40507,3091,421,55.28821433404
"Dragon's Jade Reaver Skin",315256.45,959739,1499997,47,26,32.848144130852
"Dragon's Jade Kris Skin",669993.15,690004,1599999,57,37,97.099893623805
"Dragon's Jade Avenger Skin",346406.15,750006,1289899,82,27,46.187117169729
"Dragon's Jade Warhammer Skin",413695,980303,1640000,48,13,42.20072773418
"Dragon's Jade Hornbow Skin",567076.15,920421,1749999,60,20,61.610518447536
"Dragon's Jade Cudgel Skin",560998,850000,1660000,42,24,65.999764705882
"Dragon's Jade Flintlock Skin",624997,650001,1500000,42,25,96.153236687328
"Dragon's Jade Truncheon Skin",354997.85,750001,1300001,41,20,47.332983556022
"Dragon's Jade Needler Skin",430509.15,870005,1530019,41,11,49.483525956747
"Dragon's Jade Quarterstaff Skin",587184.3,900312,1749998,74,22,65.220090368672
"Dragon's Jade Lacerator Skin",391498,1002500,1640000,53,19,39.05216957606
"Dragon's Jade Harbinger Skin",495997.15,1000000,1759999,40,22,49.599715
"Mini Helmed Moa Racer",210059.2,980034,1400112,564,35,21.433868620885
"Recipe: Potent Superior Sharpening Stones",39487.15,45510,99999,290,68,86.765875631729
"Monocle",455968.3,530028,1159998,44,33,86.027209883251
"Monocle",375341.9,387050,896934,75,60,96.97504198424
"Lightning Catcher Skin",149940.3,725556,1029998,1561,61,20.665572333493
"Ellen Kiel Representation Button",31673.15,32074,74999,5803,60,98.750233834258
"Evon Gnashblade Representation Button",28573,55575,99000,844,250,51.413405308142
"Aetherized Dagger Skin",194860.15,706052,1059899,569,12,27.598555063933
"Aetherized Focus Skin",135790.9,500002,747994,199,21,27.158071367715
"Aetherized Greatsword Skin",1039764,1510234,3000000,137,13,68.847873905633
"Aetherized Pistol Skin",1056411.3,1910000,3489898,142,15,55.309492146597
"Aetherized Rifle Skin",1268232.3,1706679,3499898,85,6,74.309949322632
"Aetherized Scepter Skin",271306.5,565984,985050,165,12,47.935365664047
"Aetherized Shield Skin",646298,1810200,2890000,320,10,35.703126726329
"Aetherized Sword Skin",646216.35,1220000,2195551,88,9,52.968553278689
"Aetherized Harpoon Gun Skin",265988.75,550005,959995,162,9,48.361151262261
"Aetherized Spear Skin",475962.2,790716,1490212,98,7,60.193824331365
"Intricate Watchwork Box",14937.15,16425,36899,3096,162,90.941552511416
"Elaborate Watchwork Box",39400,45581,99980,1458,156,86.43952524078
"Mini Twisted Horror",27058.65,101790,151589,603,125,26.582817565576
"Mini Enraged Twisted Nightmare",34501.3,109995,169998,957,59,31.366243920178
"Zodiac Dagger Skin",2184992.45,3510003,6699997,104,8,62.25044394549
"Zodiac Greatsword Skin",3649884.15,4000113,8999999,202,11,91.244526092138
"Zodiac Scepter Skin",2281498,2810000,5990000,91,7,81.192099644128
"Zodiac Short Bow Skin",1564995,2260003,4500000,72,6,69.247474450255
"Zodiac Torch Skin",1289498,3360000,5470000,843,9,38.377916666667
"Lovestruck Axe Skin",639634,1145364,2100000,77,22,55.84547794413
"Lovestruck Anlace Skin",259998,930000,1400000,108,51,27.956774193548
"Lovestruck Focus Skin",1202699.45,1610099,3309177,190,23,74.697236008469
"Lovestruck Greatsword Skin",330961,1029037,1600000,93,34,32.16220602369
"Lovestruck Hammer Skin",263768.4,930007,1404444,88,23,28.361980071118
"Lovestruck Longbow Skin",639924,1400074,2400000,79,14,45.706441230964
"Lovestruck Scepter Skin",299998,1400000,2000000,446,23,21.428428571429
"Lovestruck Protector Skin",384547.45,660608,1229597,78,29,58.211140343441
"Lovestruck Short Bow Skin",887647.3,1448999,2748998,93,20,61.259345244545
"Lovestruck Staff Skin",427492.25,1230010,1950005,6045,48,34.755184917196
"Major Rune of Tormenting",15458.15,18539,39999,158,68,83.381789740547
"Mini Steam Hulk",139358.8,600911,870908,898,57,23.191254611748
"Dire Sneakthief Leggings of the Traveler",10463.05,23155,39553,90,73,45.187000647808
"Satchel of Assassin's Emblazoned Armor",85085.15,254912,399999,32,7,33.378244256842
"Assassin's Draconic Coat",10744.45,31751,49997,147,69,33.839721583572
"Elonian Boot Sole",65761.65,145112,248089,89,10,45.317857930426
"Elonian Boot Upper",51958.05,160024,249393,73,7,32.468910913363
"Elonian Glove Panel",76904,152509,269900,59,25,50.425876505649
"Elonian Helmet Strap",36844,82154,140000,55,10,44.847481559023
"Elonian Longcoat Panel",112921.35,350319,544991,44,15,32.233863992533
"Elonian Trouser Panel",72389.9,318603,459994,34,6,22.721035269599
"Deldrimor Steel Chestplate Panel",140170.25,350673,577465,52,11,39.971782829017
"Deldrimor Steel Gauntlet Plates",42840.05,170502,250993,27,11,25.125834301064
"Deldrimor Steel Helmet Casing",18073.3,80438,115898,40,27,22.468609363734
"Damask Gloves Panel",74676.3,180235,299898,41,14,41.432740588676
"Damask Shoe Upper",115783.4,220716,395884,72,40,52.458090940394
"Damask Shoe Sole",62046.15,150111,249599,64,9,41.333513200232
"Lucky White Rabbit's Foot",113108.3,150660,310318,62,24,75.075202442586
"Assassin's Primordus Axe",119586.2,222734,402732,34,14,53.690141603886
"Assassin's Primordus Longbow",118281.15,264216,449999,26,10,44.766838495776
"Assassin's Primordus Pistol",142069.15,180503,379499,17,9,78.707362204506
"Assassin's Primordus Shield",140600.15,167777,362799,15,13,83.801802392461
"Assassin's Primordus Pike",161345,197778,422500,13,6,81.578840922651
"Assassin's Primordus Sword",122493.95,213005,394707,27,18,57.507546771203
"Assassin's Primordus Torch",102492.15,144005,289999,17,9,71.172632894691
"Assassin's Primordus Trident",99848,173000,321000,18,8,57.715606936416
"Cavalier's Pearl Quarterstaff",22751.45,48644,83997,56,35,46.771338705699
"Soldier's Pearl Stinger",13647.35,22009,41951,74,45,62.008042164569
"Soldier's Pearl Speargun",13680.3,28867,50058,59,42,47.390792254131
"Cavalier's Pearl Sabre",18879.6,33152,61216,70,41,56.9486003861
"Soldier's Pearl Bludgeoner",19227.9,30575,58594,57,32,62.887653311529
"Dire Pearl Broadsword",10473.8,22783,39128,196,191,45.971996664179
"Magi's Pearl Broadsword",11653.5,20602,37950,266,252,56.564896611979
"Alpha Conduit",76406,85092,190000,50,31,89.792224886006
"Super Mace Skin",1514798.75,2700005,4958595,50,14,56.103553511938
"Super Axe Skin",1389671.3,2010325,3999998,301,8,69.12669841941
"Super Focus Skin",2023497.15,2660000,5509999,44,11,76.071321428571
"Super Pistol Skin",5099983,5100015,12000000,83,7,99.999372550865
"Super Rifle Skin",2159833,4301100,7601100,1064,10,50.215828508986
"Occam's Carrion Inscription",230288.3,391398,731398,28,15,58.837372699912
"Soros' Assassin Inscription",101522.45,456413,656397,30,14,22.243549153946
"Coalforge's Rampager Inscription",98964.3,411032,599998,27,10,24.077030498842
"Tonn's Sentinel Inscription",159387.15,410110,669999,34,14,38.864487576504
"Angchu Cavalier Inscription",159046.75,321112,564895,519,11,49.529992650539
"Grizzlemouth's Rabid Inscription",130718,375030,595000,39,13,34.855344905741
"Hronk's Magi Inscription",111629.7,355683,549782,21,14,31.384603706109
"Mathilde's Dire Inscription",91918.3,350078,519998,39,26,26.256519975548
"Tateos's Cleric Insignia",200544.1,555007,888886,35,7,36.133616332767
"Forgemaster's Rampager Insignia",157400.3,579631,867098,73,15,27.155259121752
"Wei Qi's Sentinel Insignia",360541.9,600002,1130054,98,20,60.090116366279
"Angchu Cavalier Insignia",134398.4,620029,887564,586,8,21.676147406008
"Ferratus's Rabid Insignia",130539.65,601061,860709,26,23,21.718203310479
"Traveler's Ring",17880.2,27518,53412,111,58,64.976379097318
"Dire Orrian Axe of Blood",10614.2,16509,31912,70,49,64.293415712642
"Dire Orrian Staff of Blood",10692.25,24585,41505,61,18,43.490949766118
"Dire Ceremonial Winged Axe of Intelligence",14224.45,19057,39157,33,19,74.641601511256
"Dire Ceremonial Dagger of Intelligence",12650.35,41179,63331,48,39,30.720391461667
"Dire Ceremonial Scimitar of Blood",34537.6,37707,84996,132,25,91.59466412072
"Dire Ceremonial Scimitar of Intelligence",60900.5,75004,159890,318,15,81.196336195403
"Dire Ceremonial Hammer of Blood",14166.65,21012,41389,41,28,67.421711403008
"Dire Ceremonial Longbow of Blood",13097.55,15803,34003,75,21,82.880149338733
"Dire Ceremonial Pistol of Blood",11067.15,14430,29999,39,25,76.695426195426
"Dire Ceremonial Scepter of Intelligence",21982.6,29046,60036,58,27,75.682021620877
"Dire Ceremonial Bulwark of Blood",14656.05,15613,35613,50,18,93.870812784218
"Dire Ceremonial Speargun of Intelligence",12635.05,15016,32533,30,24,84.143913159297
"Dire Ceremonial Stave of Blood",10931.9,40350,60334,60,17,27.092688971499
"Dire Ceremonial Stave of Intelligence",13685.3,37396,60098,39,18,36.595625200556
"Dire Ceremonial Sabre of Intelligence",24710.35,41036,77351,67,41,60.216273515937
"Benthic Hydrobreather of the Afflicted",41509.75,116210,185555,954,82,35.719602443852
"Swampblack Dye",429998,1100000,1800000,54,23,39.090727272727
"Caustic Dye",352470.15,1135027,1749999,76,26,31.053900039382
"Toxin Dye",688728.15,1351269,2399999,76,13,50.968989150199
"Algae Dye",549911.15,2000001,2999899,69,11,27.495543752228
"Acid Dye",485490.5,900016,1630010,57,22,53.942429912357
"Acrid Dye",246039.35,400002,760051,67,30,61.50952995235
"Cavalier's Draconic Legs",25554.05,27138,61993,53,43,94.163350283735
"Rabid Draconic Coat",14511,20150,40780,111,47,72.014888337469
"Dire Draconic Coat",17097.6,23612,47896,63,49,72.410638658309
"Magi's Draconic Coat",16908.6,18514,41676,58,47,91.328724208707
"Settler's Draconic Coat",11346.6,25147,42936,54,38,45.121088002545
"Cavalier's Draconic Coat",12925.25,29305,49685,57,39,44.105954615253
"Soldier's Exalted Mantle",20027.65,35126,64889,79,15,57.016597392245
"Cavalier's Exalted Coat",20665.25,21820,49985,97,55,94.707836846929
"Soldier's Exalted Masque",26742.1,32710,69946,61,52,81.755120758178
"Cavalier's Exalted Masque",15088.15,20116,41419,54,53,75.005716842315
"Cavalier's Exalted Pants",22706.3,25315,56498,31,29,89.695042464942
"Soldier's Exalted Gloves",13819.35,42849,66671,133,42,32.251277742771
"Soldier's Emblazoned Pants",20395.95,43426,75087,78,67,46.967139501681
"Cavalier's Emblazoned Pants",10030.75,17911,32875,87,62,56.0032940651
"Soldier's Emblazoned Gloves",17917.1,42419,70986,96,40,42.238383743134
"Cavalier's Emblazoned Gloves",14521.4,25005,46504,59,46,58.073985202959
"Soldier's Emblazoned Boots",16744.35,44514,72071,87,83,37.615918587411
"Cavalier's Emblazoned Boots",13782.3,13839,32498,76,72,99.59028831563
"Soldier's Emblazoned Shoulders",16020.95,45506,72387,68,41,35.206236540236
"Settler's Emblazoned Shoulders",10797.65,14504,29769,65,13,74.446014892443
"Soldier's Emblazoned Helm",20294.2,30119,59312,107,36,67.380059098908
"Deathcamas of Dreams",1774973.4,3500910,6206924,99,6,50.700343624943
"Crying Thorn of Dreams",740823.3,3000057,4401038,251,19,24.693640820824
"Fellsprout of Dreams",1009811.3,1760420,3259098,179,8,57.361953397485
"Belladonna of Dreams",1946493.3,3400003,6289998,160,12,57.249752426689
"Graveyard Bloom of Dreams",667394.75,1500643,2550635,26,15,44.473918846788
"Bloodlily of Dreams",284985.65,1160054,1700049,163,16,24.566584831396
"Bloodroot of Dreams",218880.15,801117,1199999,35,16,27.321870588191
"Snakeroot of Dreams",917194.15,1207803,2499999,66,14,75.939052146749
"Wolfsbane of Dreams",179987.45,500008,799997,28,18,35.996914049375
"Permanent Ley Line Finisher",32340.3,33106,76998,107,90,97.687126200689
"Mini Toxic Hybrid",12147.1,45214,67486,989,230,26.865793780687
"Recipe: Toxic Sharpening Stone",47744.3,50002,114998,58,53,95.484780608776
"Blacklight Dye",1562796,2840202,5180000,140,12,55.024114481998
"Cobolt Dye",498692.3,1150304,1939998,564,16,43.353087531644
"Cyanide Dye",933280.15,1370217,2709999,81,11,68.111850166798
"Limonite Dye",132002.95,650001,920007,2322,21,20.308114910592
"Vincent Dye",524897,1600101,2500000,74,9,32.803991748021
"Violite Dye",207641.35,765004,1144291,805,30,27.142518209055
"Dreamthistle Axe Skin",453991.15,1450006,2239999,4243,41,31.309604925773
"Dreamthistle Dagger Skin",542830.15,1510002,2415099,148,25,35.948968941763
"Dreamthistle Hammer Skin",354911.3,1600000,2299898,103,28,22.18195625
"Dreamthistle Longbow Skin",463992.3,1610004,2439998,174,31,28.819325914718
"Dreamthistle Scepter Skin",423477.3,1540002,2309978,157,23,27.498490261701
"Dreamthistle Shield Skin",480997,1610001,2460000,62,22,29.875571505856
"Dreamthistle Torch Skin",613407.3,1350004,2309898,188,26,45.437443148317
"Dreamthistle Warhorn Skin",553997.3,1519999,2439998,283,23,36.447214767904
"Dreamthistle Trident Skin",655975,1010023,1960000,43,16,64.946540821348
"Dreamthistle Harpoon Gun Skin",256496.3,1010000,1489998,244,26,25.395673267327
"Dreamthistle Spear Skin",952408.45,1011002,2309897,119,19,94.204408102061
"Unopened Endless Mystery Tonic",28333.7,90309,139582,144,119,31.374170902125
"Tormented Axe Skin",346001,1489997,2160000,98,24,23.221590379041
"Tormented Dagger Skin",497496.15,1160001,1949999,59,57,42.887562165895
"Tormented Focus Skin",588995.45,1400000,2339997,65,37,42.071103571429
"Tormented Longbow Skin",599683.5,1210551,2129690,323,47,49.53806159344
"Tormented Mace Skin",818992.05,1850000,3139993,91,16,44.269840540541
"Tormented Pistol Skin",614984.75,1310004,2264695,49,35,46.945257419061
"Tormented Rifle Skin",463033.45,1211462,1969997,327,19,38.221046140944
"Tormented Short Bow Skin",456295.15,1413702,2199999,39,26,32.276614873573
"Tormented Staff Skin",492827,1717171,2600000,353,51,28.699937280562
"Tormented Sword Skin",450079.7,1250005,2000102,92,28,36.006231975072
"Tormented Torch Skin",783330.15,1766667,2999999,74,32,44.339434086899
"Tormented Warhorn Skin",859994.45,1860001,3199997,37,18,46.236235894497
"+13 Agony Infusion",464991,2000007,2900000,1161,34,23.24946862686
"+14 Agony Infusion",2064889.8,3800710,6900708,1122,11,54.329054308274
"Amenity Dye",255996,1155002,1660000,100,47,22.164117464732
"Perseverance Dye",127088.85,510444,750041,127,26,24.8977067024
"Prosperity Dye",223757.45,440003,780897,72,17,50.853619179869
"Recall Dye",270942.3,766054,1219998,82,33,35.368564096004
"Recipe: Keeper's Harpoon Gun",54943,55555,130000,269,9,98.89838898389
"Recipe: Keeper's Claymore",703827,707171,1660000,522,12,99.527129930385
"Recipe: Keeper's Shoulderguard",153522.15,600000,886499,275,23,25.587025
"Exquisite Watchwork Sprocket",18909,56739,89000,197,74,33.326283508698
"Annelid Rifle Skin",37686.45,131884,199497,5294,62,28.575452670529
"Dynamic Assault Knight Power Core",29975.5,111114,165990,647,473,26.977248591537
"Scarlet's Kiss",5177498.15,6509999,13749999,55,18,79.531473814359
"Tormented Harpoon Gun Skin",751887.15,820610,1849999,44,12,91.625394523586
"Tormented Trident Skin",772498,800000,1850000,39,22,96.56225
"Tormented Spear Skin",1019411.3,1250000,2669898,41,20,81.552904
"Ley Line Longbow Skin",674912,3150001,4499900,41,6,21.425770975946
"Ley Line Warhorn Skin",405445.1,1710106,2488886,30,10,23.708770099631
"Ley Line Shield Skin",393364.45,1640001,2392197,22,9,23.985622569742
"Ley Line Short Bow Skin",1109909.15,1610003,3199899,267,17,68.938328065227
"Ley Line Greatsword Skin",347696.45,1309799,1949997,33,30,26.545786796295
"Ley Line Dagger Skin",334999,1619999,2300000,2779,20,20.678963382076
"Permanent Avatar of Death Finisher",50690.15,182207,273999,90,66,27.820089239162
"Mini Largos",252989,750009,1180000,635,20,33.731461889124
"Mini Icebrood Goliath",11030.45,36310,55697,566,90,30.378545855136
"Enameled Perseverance Dye",679971,1360027,2400000,3162,11,49.996875062039
"Enameled Generation Dye",397740.25,1160312,1833005,3066,22,34.278732789112
"Enameled Sacrifice Dye",479787,1050211,1800000,55,20,45.684819526743
"Enameled Solitude Dye",1041494,2010004,3590000,70,9,51.815518775087
"Enameled Longevity Dye",659983.15,1210014,2199999,64,20,54.543430902452
"Enameled Anamnesis Dye",614657.75,1000251,1899895,79,26,61.450350961909
"Southsun Mask",649885.25,1050100,1999985,257,30,61.887939243882
"Phoenix Greatsword Skin",421498,1610000,2390000,71,28,26.18
"Phoenix Torch Skin",290615,1154383,1700000,43,27,25.17492028209
"Phoenix Hammer Skin",1669984,3430014,6000000,2759,6,48.687381450921
"Phoenix Longbow Skin",879997.15,2520000,3999999,71,23,34.920521825397
"Phoenix Axe Skin",755997.15,2100000,3359999,47,22,35.999864285714
"Phoenix Scepter Skin",1077351.3,1854805,3449598,45,20,58.084343098062
"Phoenix Staff Skin",469998.15,1399999,2199999,57,48,33.571320408086
"Phoenix Short Bow Skin",635219.65,1200004,2159089,37,29,52.934794384019
"Phoenix Dagger Skin",527497.15,1300000,2149999,43,35,40.576703846154
"Phoenix Focus Skin",942983.15,1250014,2579999,38,18,75.437807096561
"Phoenix Shield Skin",612497.15,1300000,2249999,49,15,47.115165384615
"Recipe: Ventari's Visor",104997,150001,300000,34,17,69.997533349778
"Recipe: Box of Nomad's Draconic Armor",31605.75,72615,122615,270,18,43.525098120223
"Recipe: Feast of Nopalitos Sauté",10930,11168,26000,273,52,97.868911174785
"Recipe: Ventari's Tassets",54626.85,82137,160901,76,58,66.506994411775
"Rampager's Adventurer's Scarf",10109,15202,29780,327,129,66.497829232996
"Chaos Greatsword Skin",590005.3,1619991,2599998,538,94,36.420282581817
"Tempest Hammer Skin",435833,1518995,2299800,40,19,28.692194510186
"Chaos Warhorn Skin",794686,3030312,4500000,59,34,26.224560375301
"Chaos Torch Skin",726497.55,1900003,3090003,86,36,38.236652784232
"Tempest Focus Skin",682254.55,1370020,2414443,40,20,49.798875198902
"Tempest Dagger Skin",454490.3,1560006,2369998,60,36,29.133881536353
"Tempest Mace Skin",805268.4,890007,1994444,40,27,90.478883873947
"Tempest Scepter Skin",1022426.75,1255567,2679995,41,14,81.431476775035
"Tempest Greatsword Skin",573340.45,1551655,2499997,72,42,36.950253116833
"Chaos Short Bow Skin",585985.45,2040510,3089997,78,21,28.717597561394
"Chaos Scepter Skin",649463.45,1900532,2999997,89,23,34.172718480931
"Tempest Rifle Skin",387082.15,811415,1409999,47,15,47.704583967514
"Chaos Mace Skin",1049914.45,2859996,4599897,61,43,36.710346797688
"Chaos Focus Skin",1347998.45,1609997,3479997,30,25,83.726767813853
"Chaos Dagger Skin",514999.8,1609988,2499988,91,76,31.987803635803
"Tempest Short Bow Skin",366497.3,1409999,2089998,46,38,25.99273474662
"Tempest Sword Skin",474389.9,1650518,2499894,47,12,28.741879821971
"Chaos Harpoon Gun Skin",869986.3,1510010,2799998,73,14,57.61460520129
"Tempest Torch Skin",514996.3,1440000,2299998,38,16,35.763631944444
"Tempest Warhorn Skin",489497,1610001,2470000,292,24,30.403521488496
"Chaos Trident Skin",569675,1130748,2000500,64,18,50.380367685815
"Chaos Rifle Skin",389937.4,1820404,2600404,37,30,21.420377015212
"Electro Purple Dye",102976.7,390006,579982,311,124,26.403875837808
"Electro Blue Dye",383495.15,900002,1509999,416,92,42.610477532272
"Wintersday Pistol Skin",190257.8,550012,870908,273,62,34.591572547508
"Wintersday Axe Skin",276393.3,650103,1089998,259,55,42.515309112556
"Wintersday Dagger Skin",148795,650203,940000,265,56,22.884391490042
"Pact Fleet Pistol Skin",599996.3,1100000,1999998,441,9,54.545118181818
"Pact Fleet Short Bow Skin",599996.15,1100001,1999999,340,23,54.545054959041
"Pact Fleet Scepter Skin",224891.15,710004,1099879,297,20,31.674631410527
"Pact Fleet Rifle Skin",547492.15,1110005,1949999,286,20,49.323394939662
"Pact Fleet Shield Skin",234896.6,1040098,1499996,180,17,22.584083422908
"Pact Fleet Torch Skin",774995,1010003,2100000,145,30,76.731950301138
"Pact Fleet Warhorn Skin",298187.05,722587,1200913,145,14,41.266594887536
"Pact Fleet Sword Skin",187998,900000,1280000,121,40,20.888666666667
"Pact Fleet Focus Skin",314168,960830,1500000,16,13,32.697563564835
"Pact Fleet Mace Skin",943994,960004,2240000,270,17,98.332298615422
"Pact Fleet Longbow Skin",447232.8,870000,1549688,240,31,51.406068965517
"Pact Fleet Greatsword Skin",181386,830112,1190000,126,57,21.850786399907
"Elder Wood Logging Node",235198.65,750008,1159069,590,52,31.359485498821
"Preserved Queen Bee",1499998,7000000,10000000,87,17,21.428542857143
"Mordrem Warhorn Skin",729652.45,1140003,2199597,15,13,64.004432444476
"Mordrem Axe Skin",604960.3,848196,1709598,19,18,71.323172945876
"Mordrem Mace Skin",611392,655106,1490000,25,22,93.327186745351
"Mordrem Rifle Skin",470891.15,702106,1379999,27,21,67.068384261066
"Mordrem Pistol Skin",556872.45,633123,1399997,17,11,87.956439743936
"Dragon Ball Champion's Divine Lucky Envelope",191050.8,250002,518888,18,13,76.419708642331
"Crimson Lion Mace Skin",516499.4,1013434,1799924,128,19,50.965272528847
"Crimson Lion Warhorn Skin",173974.15,370023,639999,1281,84,47.017117854836
"Crimson Lion Short Bow Skin",145099.6,483215,739196,275,67,30.027958569167
"Crimson Lion Hammer Skin",159079,520001,798920,267,63,30.592056553737
"Crimson Lion Sword Skin",113140.55,550200,780403,296,89,20.563531443112
"Crimson Lion Shield Skin",132493.6,590001,849996,279,36,22.45650431101
"Crimson Lion Axe Skin",129438.8,550532,799968,295,67,23.511585157629
"Shadow Blue Dye",42934.3,180102,262398,175,105,23.838880190114
"Shadow Greatsword Skin",164179.6,820013,1157876,464,152,20.021585023652
"Shadow Shield Skin",333643.75,1000000,1568995,560,49,33.364375
"Shadow Red Dye",33103.6,162204,229776,191,136,20.408621242386
"Balthazar's Staff Skin",341497.15,1010000,1589999,42,22,33.811599009901
"Balthazar's Greatsword Skin",343996.15,1220001,1839999,2290,41,28.196382625916
"Balthazar's Scepter Skin",400366.3,1291130,1989998,29,25,31.008984378025
"Balthazar's Short Bow Skin",581917.75,1250302,2155555,26,14,46.542175410421
"Balthazar's Rifle Skin",689980.5,1010009,1999990,37,21,68.314292248881
"Balthazar's Axe Skin",290028.6,1409796,1999796,38,27,20.572380684865
"Balthazar's Dagger Skin",529990.15,1000007,1799999,269,26,52.998644009492
"Balthazar's Sword Skin",332498,1070000,1650000,8774,33,31.074579439252
"Balthazar's Torch Skin",521489,1510009,2390000,23,16,34.535489523572
"Balthazar's Shield Skin",571483.85,1120015,1990001,18,11,51.024660384013
"Balthazar's Hammer Skin",434978,1350020,2100000,1016,30,32.220115257552
"Balthazar's Mace Skin",888485.45,990010,2209997,37,15,89.745098534358
"Balthazar's Focus Skin",679991.15,850006,1799999,34,23,79.998394128983
"Daydreamer's Rifle Skin",126192.3,630304,889998,84,41,20.020862948672
"Daydreamer's Dagger Skin",167608.65,620313,926969,79,53,27.020012477572
"Daydreamer's Focus Skin",241090.6,770404,1189996,96,33,31.294048317506
"Daydreamer's Axe Skin",184496.3,708000,1049998,118,60,26.058799435028
"Daydreamer's Mace Skin",283885,770113,1240000,114,29,36.862772086694
"Daydreamer's Staff Skin",291486.65,550002,989989,103,58,52.997380009527
"Daydreamer's Scepter Skin",235383.75,810110,1229995,99,31,29.055776376048
"Daydreamer's Greatsword Skin",151880.15,570617,849999,114,74,26.616828801105
"Daydreamer's Torch Skin",246489.6,765005,1189996,116,29,32.2206521526
"Daydreamer's Shield Skin",175142.75,631501,948995,100,57,27.73435829872
"Daydreamer's Sword Skin",139656.45,660104,940897,102,64,21.156734393368
"Enameled Brass Dye",359997.15,1000000,1599999,38,27,35.999715
"Gallant Warhorn Skin",141598,699900,990000,47,25,20.231175882269
"Dwayna's Pistol Skin",150092.75,500151,764995,259,67,30.009487134885
"Dwayna's Hammer Skin",159454.05,500223,776093,268,55,31.876593039504
"Dwayna's Warhorn Skin",228896.4,400105,740004,256,54,57.209082615813
"Dwayna's Dagger Skin",110787.9,552205,779994,265,54,20.062820872683
"Dwayna's Staff Skin",128058.3,500003,738898,285,103,25.611506330962
"Deldrimor Steel Breather Casing",30535.15,50297,95099,43,29,60.709684474223
"Improvised Focus Skin",122588.5,600003,850110,20,10,20.431314510094
"Improvised Short Bow Skin",144997.85,620001,900001,30,7,23.386712279496
"Reclaimed Greatsword",36344.15,78403,134999,70,25,46.355560373965
"Berserker's Lightward's Battlehammer",250835.95,350203,707107,28,14,71.625871280372
"Improvised Torch Skin",137007.7,620002,890602,37,7,22.097944845339
"Oiled Ancient Pistol Frame",11888,30525,49900,45,7,38.945126945127
"Reclaimed Sword",31432.15,80000,131099,43,19,39.2901875
"Berserker's Ley Guard's Protector",414681,1200317,1900000,69,11,34.547623669414
"Reclaimed Warhorn",48779.15,70218,139999,49,8,69.468156313196
"Essence of Divinity's Reach",457894,800104,1480000,17,8,57.229310189675
"Reclaimed Rifle",39276.15,71221,129999,26,9,55.146866794906
"Essence of Black Citadel",398277.7,909090,1538082,17,7,43.810590810591
"Reclaimed Short Bow",57089.3,70407,149998,49,7,81.084693283338
"Recipe: Viper's Exalted Masque",24138.45,30597,64397,29,17,78.891557995882
"Velocitas Eradico",564994.3,710002,1499998,19,7,79.576437812851
"Arkhalos",68997.15,84000,179999,33,27,82.139464285714
"Salvaged Greatness",194277.1,234806,504806,84,14,82.739410406889
"Chest of the Casual Fractal Hero",103271.45,500003,709737,301,85,20.654166075004
"Dandy Bluster",619992.3,910004,1799998,14,7,68.130722502319
"Essence of the Grove",420885.3,760611,1389998,16,7,55.335158182041
"Recipe: Yassith's Tassets",17697.15,35000,61999,92,34,50.563285714286
"Mystic Keystone Crystal",35026.75,90002,147095,66,54,38.917746272305
"Damask Breather Strap",106342.75,131651,279995,22,9,80.77625692171
"Recipe: Viper's Draconic Gauntlets",13989.95,20048,40047,41,23,69.78227254589
"Recipe: Svaard's Impaler",12496.15,30001,49999,64,6,41.652444918503
"Radiant Turai Ossa",239859,270921,600920,23,19,88.53466508687
"Improvised Pistol Skin",164975.8,600012,899988,34,11,27.495416758331
"Reclaimed Axe",57916,71010,151680,29,12,81.560343613576
"Recipe: Svaard's Wand",14434.3,17080,37078,31,20,84.509953161593
"Reclaimed Torch",42385.3,68111,129998,29,6,62.229742626008
"Reclaimed Shield",52992.15,74505,149999,37,6,71.125629152406
